:020000040800F2
:100000000050002061600008B55E0008B75E00087F
:10001000B95E0008BB5E0008BD5E0008000000007D
:10002000000000000000000000000000BF5E0008AB
:10003000C15E000800000000C35E0008C55E000845
:10004000A9600008A9600008A9600008A96000086C
:10005000A9600008A9600008A9600008A96000085C
:10006000A9600008A9600008A9600008C95E00082E
:10007000D55E0008E15E0008ED5E0008F95E00084C
:10008000055F0008115F0008A9600008A96000086A
:100090001D5F0008295F0008A96000082D5F0008A7
:1000A000A9600008A9600008A9600008A96000080C
:1000B000A9600008415F00084D5F0008A9600008C2
:1000C000A9600008A9600008A9600008A9600008EC
:1000D000A9600008595F0008A9600008655F000872
:1000E000A9600008A9600008A960000800000000DD
:1000F0000000000000000000000000000000000000
:0C01000000000000000000005FF808F1A3
:1001100010B5054C237833B9044B13B10448AFF341
:1001200000800123237010BD0802002000000000A1
:100130009CB1000808B5034B1BB103490348AFF35A
:10014000008008BD000000000C0200209CB10008E7
:1001500081F0004102E000BF83F0004330B54FEA78
:1001600041044FEA430594EA050F08BF90EA020FE5
:100170001FBF54EA000C55EA020C7FEA645C7FEA78
:10018000655C00F0E2804FEA5454D4EB5555B8BF9B
:100190006D420CDD2C4480EA020281EA030382EA0C
:1001A000000083EA010180EA020281EA0303362D9E
:1001B00088BF30BD11F0004F4FEA01314FF4801C71
:1001C0004CEA113102D0404261EB410113F0004F83
:1001D0004FEA03334CEA133302D0524263EB43033A
:1001E00094EA050F00F0A780A4F10104D5F1200ED8
:1001F0000DDB02FA0EFC22FA05F2801841F1000133
:1002000003FA0EF2801843FA05F359410EE0A5F106
:1002100020050EF1200E012A03FA0EFC28BF4CF037
:10022000020C43FA05F3C01851EBE37101F00045ED
:1002300007D54FF0000EDCF1000C7EEB00006EEBFA
:100240000101B1F5801F1BD3B1F5001F0CD3490884
:100250005FEA30004FEA3C0C04F101044FEA4452DB
:1002600012F5800F80F09A80BCF1004F08BF5FEA62
:10027000500C50F1000041EB045141EA050130BD42
:100280005FEA4C0C404141EB0101013C28BFB1F554
:10029000801FE9D291F0000F04BF01460020B1FA9F
:1002A00081F308BF2033A3F10B03B3F120020CDA72
:1002B0000C3208DD02F1140CC2F10C0201FA0CF050
:1002C00021FA02F10CE002F11402D8BFC2F1200CB5
:1002D00001FA02F120FA0CFCDCBF41EA0C0190406B
:1002E000E41AA2BF01EB0451294330BD6FEA0404B4
:1002F0001F3C1CDA0C340EDC04F11404C4F120029F
:1003000020FA04F001FA02F340EA030021FA04F3B0
:1003100045EA030130BDC4F10C04C4F1200220FA07
:1003200002F001FA04F340EA0300294630BD21FA45
:1003300004F0294630BD94F0000F83F4801306BF0B
:1003400081F480110134013D4EE77FEA645C18BFFF
:100350007FEA655C29D094EA050F08BF90EA020F96
:1003600005D054EA000C04BF1946104630BD91EA8E
:10037000030F1EBF0021002030BD5FEA545C05D191
:100380004000494128BF41F0004130BD14F58004D0
:100390003CBF01F5801130BD01F0004545F0FE4144
:1003A00041F470014FF0000030BD7FEA645C1ABF79
:1003B000194610467FEA655C1CBF0B46024650EAB0
:1003C000013406BF52EA033591EA030F41F40021DC
:1003D00030BD00BF90F0000F04BF0021704730B562
:1003E0004FF4806404F132044FF000054FF0000137
:1003F00050E700BF90F0000F04BF0021704730B5F8
:100400004FF4806404F1320410F0004548BF4042CC
:100410004FF000013EE700BF42004FEAE2014FEA21
:1004200031014FEA02701FBF12F07F4393F07F4FFC
:1004300081F06051704732F07F4208BF704793F0FF
:100440007F4F04BF41F40021704730B54FF4607412
:1004500001F0004521F000411CE700BF50EA010215
:1004600008BF704730B54FF000050AE050EA0102BE
:1004700008BF704730B511F0004502D5404261EB2E
:1004800041014FF4806404F132045FEA915C3FF46F
:10049000D8AE4FF003025FEADC0C18BF03325FEA0C
:1004A000DC0C18BF033202EBDC02C2F1200300FABD
:1004B00003FC20FA02F001FA03FE40EA0E0021FAE2
:1004C00002F11444BDE600BF70B54FF0FF0C4CF4D0
:1004D000E06C1CEA11541DBF1CEA135594EA0C0F82
:1004E00095EA0C0F00F0DEF82C4481EA030621EABD
:1004F0004C5123EA4C5350EA013518BF52EA0335F8
:1005000041F4801143F4801338D0A0FB02CE4FF0A9
:100510000005E1FB02E506F00042E0FB03E54FF0D9
:100520000006E1FB03569CF0000F18BF4EF0010ED1
:10053000A4F1FF04B6F5007F64F5407404D25FEACD
:100540004E0E6D4146EB060642EAC62141EA555180
:100550004FEAC52040EA5E504FEACE2EB4F1FD0CC2
:1005600088BFBCF5E06F1ED8BEF1004F08BF5FEA40
:10057000500E50F1000041EB045170BD06F00046F2
:1005800046EA010140EA020081EA0301B4EB5C049F
:10059000C2BFD4EB0C0541EA045170BD41F4801197
:1005A0004FF0000E013C00F3AB8014F1360FDEBFBC
:1005B000002001F0004170BDC4F10004203C35DA98
:1005C0000C341BDC04F11404C4F1200500FA05F31B
:1005D00020FA04F001FA05F240EA020001F00042BC
:1005E00021F0004110EBD37021FA04F642EB060132
:1005F0005EEA430E08BF20EAD37070BDC4F10C045C
:10060000C4F1200500FA04F320FA05F001FA04F21F
:1006100040EA020001F0004110EBD37041F100010B
:100620005EEA430E08BF20EAD37070BDC4F1200516
:1006300000FA05F24EEA020E20FA04F301FA05F27E
:1006400043EA020321FA04F001F0004121FA04F226
:1006500020EA020000EBD3705EEA430E08BF20EAF6
:10066000D37070BD94F0000F0FD101F00046400030
:1006700041EB010111F4801F08BF013CF7D041EAB2
:10068000060195F0000F18BF704703F000465200B6
:1006900043EB030313F4801F08BF013DF7D043EA87
:1006A0000603704794EA0C0F0CEA135518BF95EA3D
:1006B0000C0F0CD050EA410618BF52EA4306D1D1C4
:1006C00081EA030101F000414FF0000070BD50EAE3
:1006D000410606BF1046194652EA430619D094EA6D
:1006E0000C0F02D150EA013613D195EA0C0F05D157
:1006F00052EA03361CBF104619460AD181EA0301AB
:1007000001F0004141F0FE4141F470014FF0000062
:1007100070BD41F0FE4141F4780170BD70B54FF0FD
:10072000FF0C4CF4E06C1CEA11541DBF1CEA13557D
:1007300094EA0C0F95EA0C0F00F0A7F8A4EB05045F
:1007400081EA030E52EA03354FEA013100F0888056
:100750004FEA03334FF0805545EA131343EA12631F
:100760004FEA022245EA111545EA10654FEA0026D4
:100770000EF000419D4208BF964244F1FD0404F58D
:10078000407402D25B084FEA3202B61A65EB0305E9
:100790005B084FEA32024FF480104FF4002CB6EBA6
:1007A000020E75EB030E22BFB61A754640EA0C0026
:1007B0005B084FEA3202B6EB020E75EB030E22BF66
:1007C000B61A754640EA5C005B084FEA3202B6EBA7
:1007D000020E75EB030E22BFB61A754640EA9C0066
:1007E0005B084FEA3202B6EB020E75EB030E22BF36
:1007F000B61A754640EADC0055EA060E18D04FEAF4
:10080000051545EA16754FEA06164FEAC30343EA93
:1008100052734FEAC2025FEA1C1CC0D111F4801F60
:100820000BD141EA00014FF000004FF0004CB6E759
:1008300011F4801F04BF01430020B4F1FD0C88BFF8
:10084000BCF5E06F3FF6AFAEB5EB030C04BFB6EB03
:10085000020C5FEA500C50F1000041EB045170BDF6
:100860000EF0004E4EEA113114EB5C04C2BFD4EB23
:100870000C0541EA045170BD41F480114FF0000EA7
:10088000013C90E645EA060E8DE60CEA135594EA23
:100890000C0F08BF95EA0C0F3FF43BAF94EA0C0F26
:1008A0000AD150EA01347FF434AF95EA0C0F7FF49B
:1008B00025AF104619462CE795EA0C0F06D152EAEF
:1008C00003353FF4FDAE1046194622E750EA4106D3
:1008D00018BF52EA43067FF4C5AE50EA41047FF4E4
:1008E0000DAF52EA43057FF4EBAE12E74FEA410247
:1008F00012F5001215D211D56FF47873B3EB625272
:1009000012D94FEAC12343F0004343EA505311F098
:10091000004F23FA02F018BF404270474FF000002A
:10092000704750EA013005D111F0004008BF6FF068
:10093000004070474FF00000704700BF4FEA41028F
:10094000B2F1E04324BFB3F5001CDCF1FE5C0DD92D
:1009500001F0004C4FEAC0024CEA5070B2F1004F77
:1009600040EB830008BF20F00100704711F0804F7A
:1009700021D113F13872BCBF01F00040704741F43F
:1009800080114FEA5252C2F11802C2F1200C10FA43
:100990000CF320FA02F018BF40F001004FEAC12327
:1009A0004FEAD32303FA0CFC40EA0C0023FA02F3CB
:1009B0004FEA4303CCE77FEA625307D150EA0133A1
:1009C0001EBF4FF0FE4040F44000704701F0004071
:1009D00040F0FE4040F40000704700BF80F000404F
:1009E00002E000BF81F0004142001FBF5FEA410307
:1009F00092EA030F7FEA226C7FEA236C6AD04FEA07
:100A00001262D2EB1363C1BFD2184140484041404B
:100A1000B8BF5B42192B88BF704710F0004F40F4FD
:100A2000000020F07F4018BF404211F0004F41F419
:100A3000000121F07F4118BF494292EA030F3FD0E5
:100A4000A2F1010241FA03FC10EB0C00C3F12003F8
:100A500001FA03F100F0004302D5494260EB400087
:100A6000B0F5000F13D3B0F1807F06D340084FEAF2
:100A7000310102F10102FE2A51D2B1F1004F40EBE7
:100A8000C25008BF20F0010040EA0300704749004F
:100A900040EB0000013A28BFB0F5000FEDD2B0FAEC
:100AA00080FCACF1080CB2EB0C0200FA0CF0AABF0F
:100AB00000EBC25052421843BCBFD04018437047AD
:100AC00092F0000F81F4000106BF80F400000132B3
:100AD000013BB5E74FEA41037FEA226C18BF7FEA8A
:100AE000236C21D092EA030F04D092F0000F08BFCC
:100AF0000846704790EA010F1CBF0020704712F0B3
:100B00007F4F04D1400028BF40F00040704712F1F1
:100B100000723CBF00F50000704700F0004343F056
:100B2000FE4040F4000070477FEA226216BF08468C
:100B30007FEA23630146420206BF5FEA412390EA4F
:100B4000010F40F4800070474FF0000304E000BF45
:100B500010F0004348BF40425FEA000C08BF7047F6
:100B600043F0964301464FF000001CE050EA0102BA
:100B700008BF70474FF000030AE000BF50EA0102CF
:100B800008BF704711F0004302D5404261EB4101BC
:100B90005FEA010C02BF84460146002043F0B643E1
:100BA00008BFA3F18053A3F50003BCFA8CF2083A06
:100BB000A3EBC25310DB01FA02FC634400FA02FC0F
:100BC000C2F12002BCF1004F20FA02F243EB020016
:100BD00008BF20F00100704702F1200201FA02FC78
:100BE000C2F1200250EA4C0021FA02F243EB02006B
:100BF00008BF20EADC7070474FF0FF0C1CEAD052AF
:100C00001EBF1CEAD15392EA0C0F93EA0C0F6FD06F
:100C10001A4480EA010C400218BF5FEA41211ED04D
:100C20004FF0006343EA501043EA5111A0FB013139
:100C30000CF00040B1F5000F3EBF490041EAD3710E
:100C40005B0040EA010062F17F02FD2A1DD8B3F18A
:100C5000004F40EBC25008BF20F00100704790F0F9
:100C6000000F0CF0004C08BF49024CEA502040EA4B
:100C700051207F3AC2BFD2F1FF0340EAC250704711
:100C800040F400004FF00003013A5DDC12F1190F4F
:100C9000DCBF00F000407047C2F10002410021FAC1
:100CA00002F1C2F1200200FA02FC5FEA310040F1D9
:100CB000000053EA4C0308BF20EADC70704792F052
:100CC000000F00F0004C02BF400010F4000F013A8A
:100CD000F9D040EA0C0093F0000F01F0004C02BF85
:100CE000490011F4000F013BF9D041EA0C018FE7F4
:100CF0000CEAD15392EA0C0F18BF93EA0C0F0AD0FA
:100D000030F0004C18BF31F0004CD8D180EA01001F
:100D100000F00040704790F0000F17BF90F0004FB8
:100D2000084691F0000F91F0004F14D092EA0C0F9A
:100D300001D142020FD193EA0C0F03D14B0218BF2D
:100D4000084608D180EA010000F0004040F0FE4073
:100D500040F40000704740F0FE4040F4400070470F
:100D60004FF0FF0C1CEAD0521EBF1CEAD15392EA8E
:100D70000C0F93EA0C0F69D0A2EB030280EA010C7E
:100D800049024FEA402037D04FF0805343EA111117
:100D900043EA10130CF000408B4238BF5B0042F175
:100DA0007D024FF4000C8B4224BF5B1A40EA0C001A
:100DB000B3EB510F24BFA3EB510340EA5C00B3EB4C
:100DC000910F24BFA3EB910340EA9C00B3EBD10F3A
:100DD00024BFA3EBD10340EADC001B0118BF5FEA8C
:100DE0001C1CE0D1FD2A3FF650AF8B4240EBC250B5
:100DF00008BF20F0010070470CF0004C4CEA502076
:100E00007F32C2BFD2F1FF0340EAC250704740F4C4
:100E100000004FF00003013A37E792F0000F00F0B6
:100E2000004C02BF400010F4000F013AF9D040EA34
:100E30000C0093F0000F01F0004C02BF490011F4C8
:100E4000000F013BF9D041EA0C0195E70CEAD153C0
:100E500092EA0C0F08D142027FF47DAF93EA0C0FA7
:100E60007FF470AF084676E793EA0C0F04D14B028B
:100E70003FF44CAF08466EE730F0004C18BF31F03D
:100E8000004CCAD130F000427FF45CAF31F0004337
:100E90007FF43CAF5FE700BF4FF0FF3C06E000BFD0
:100EA0004FF0010C02E000BF4FF0010C4DF804CDF3
:100EB0004FEA40024FEA41037FEA226C18BF7FEA03
:100EC000236C11D001B052EA530C18BF90EA010F05
:100ED00058BFB2EB030088BFC81738BF6FEAE17094
:100EE00018BF40F0010070477FEA226C02D15FEA30
:100EF000402C05D17FEA236CE4D15FEA412CE1D09C
:100F00005DF8040B704700BF844608466146FFE762
:100F10000FB5FFF7C9FF002848BF10F1000F0FBD44
:100F20004DF808EDFFF7F4FF0CBF012000205DF83D
:100F300008FB00BF4DF808EDFFF7EAFF34BF0120C2
:100F400000205DF808FB00BF4DF808EDFFF7E0FF5B
:100F500094BF012000205DF808FB00BF4DF808EDAC
:100F6000FFF7D2FF94BF012000205DF808FB00BF0F
:100F70004DF808EDFFF7C8FF34BF012000205DF8F1
:100F800008FB00BF4FEA4002B2F1FE4F0FD34FF013
:100F90009E03B3EB12620DD94FEA002343F00043E6
:100FA00010F0004F23FA02F018BF404270474FF094
:100FB0000000704712F1610F01D1420205D110F01B
:100FC000004008BF6FF0004070474FF000007047CE
:100FD00042000ED2B2F1FE4F0BD34FF09E03B3EBA3
:100FE000126209D44FEA002343F0004323FA02F0CF
:100FF00070474FF00000704712F1610F01D14202BB
:1010000002D14FF0FF3070474FF00000704700BF33
:10101000034613F8012B002AFBD1181A0138704738
:101020004FF0FF3C06E000BF4FF0010C02E000BFB4
:101030004FF0010C4DF804CD4FEA410C7FEA6C5C97
:101040004FEA430C18BF7FEA6C5C1BD001B050EA3A
:10105000410C0CBF52EA430C91EA030F02BF90EA25
:10106000020F0020704710F1000F91EA030F58BFE4
:10107000994208BF90422CBFD8176FEAE37040F046
:10108000010070474FEA410C7FEA6C5C02D150EAE4
:10109000013C07D14FEA430C7FEA6C5CD6D152EA9F
:1010A000033CD3D05DF8040B704700BF8446104664
:1010B00062468C461946634600E000BF01B5FFF763
:1010C000B7FF002848BF10F1000F01BD4DF808ED33
:1010D000FFF7F4FF0CBF012000205DF808FB00BF04
:1010E0004DF808EDFFF7EAFF34BF012000205DF85E
:1010F00008FB00BF4DF808EDFFF7E0FF94BF0120AB
:1011000000205DF808FB00BF4DF808EDFFF7CEFFAB
:1011100094BF012000205DF808FB00BF4DF808EDEA
:10112000FFF7C4FF34BF012000205DF808FB00BFBB
:101130004FEA410C7FEA6C5C02D150EA013C0AD1D3
:101140004FEA430C7FEA6C5C02D152EA033C02D1C5
:101150004FF0000070474FF0010070474A0011D275
:1011600012F5001211D20DD56FF47873B3EB625201
:101170000ED44FEAC12343F0004343EA505323FA0D
:1011800002F070474FF00000704750EA013002D182
:101190004FF0FF3070474FF0000070474FEA4002B9
:1011A0004FEA41037FEA226C02D15FEA402C08D16A
:1011B0007FEA236C02D15FEA412C02D14FF000009C
:1011C00070474FF00100704738B5002200230446F5
:1011D0000D46FFF785FF28B920462946BDE838406F
:1011E00000F00AB8204605F1004100F005F8404241
:1011F00061EB410138BD00BFD0B500220B4B064664
:101200000F46FFF761F9FFF7A9FF0446FFF7E2F881
:101210000022074BFFF758F902460B463046394685
:10122000FEF79AFFFFF79AFF2146D0BD0000F03D80
:101230000000F04170477047436A10B59A6A12F097
:10124000500F1BD19A6A42F400729A621A6892682F
:1012500002F46022B2F5602F0CD11A7B52B99A6A5F
:1012600022F480729A629A6AD2045EBF9A6A42F04D
:1012700001029A621846FFF7DEFF10BD1B6ABDE847
:1012800010401B6B1847704708B5406AFFF7FBFF1B
:1012900008BD7047406A08B5836A43F04003836223
:1012A000C36A43F00403C362FFF7F3FF08BD000005
:1012B000002373B5019390F824300446012B6CD0C1
:1012C000012380F824304D680268062D086805EB7C
:1012D000850322D81F26556B053B9E4025EA06054F
:1012E00000FA03F32B43536309288B6800EB400596
:1012F0004FF0070129D9D6681E3DA94026EA010111
:10130000AB400B43D360A0F11003012B25D9002083
:10131000002384F8243002B070BD0C2D4FF01F055F
:1013200009D8166B233B9D4026EA050500FA03F316
:101330002B431363D8E7D66A413B9D4026EA050557
:1013400000FA03F32B43D362CEE71069A94020EAE9
:101350000101AB400B431361D9E7114B9A4216D1FF
:1013600093681B02D3D49368102843F4000393605E
:10137000CDD10C4B0C4A1B68B3FBF2F30A2253434A
:101380000193019B002BC2D0019B013BF8E7A36AAC
:10139000012043F02003A362BAE70220BBE700BFAD
:1013A000002401400000002040420F00002337B518
:1013B0000193036804469A68D20702D5002003B05F
:1013C00030BD9A6842F001029A60144B144A1B68BF
:1013D000B3FBF2F30193019BE3B900F005FA054674
:1013E00023689B68DB07E9D400F0FEF9401B022864
:1013F000F6D923689B6813F00103F1D1A26A01209A
:1014000042F01002A262E26A84F8243042F0010243
:10141000E262D4E7019B013BDCE700BF0000002053
:1014200040420F002DE9F0413F4B904602680446D0
:101430009A420F4602D03D498A4203D15B6813F4B9
:10144000702F6DD194F82430012B6BD001232046EE
:1014500084F82430FFF7AAFF064600285DD1A56A6C
:101460002168324B25F4706525F0010545F480753F
:101470009942A56204D12C4A536813F4702F3ED1CF
:10148000A36A23F48013A3624B685A0505D5A36AA7
:1014900023F4405343F48053A362A36A206A13F4F5
:1014A000805318BFE36A3A4618BF23F00603E3628D
:1014B000002384F824301E4B4C3183621D4BC362E1
:1014C0001D4B03636FF0020341F84C3C51F8443C60
:1014D00043F4807341F8443C434600F017FE236810
:1014E0009A6802F46022B2F5602F9A680CBF42F449
:1014F000A00242F480129A603046BDE8F081A36AEF
:1015000043F48013A36253685B0541BFA06A20F4D3
:10151000405040F48050A062BFE7002384F824309C
:101520000126E9E70226E7E7002401400028014000
:1015300039120008891200089512000838B50368AE
:1015400004469A68D10701D4002038BD9A6822F079
:1015500001029A6000F048F9054623689B68DB07A2
:10156000F2D500F041F9401B0228F6D923689B68A8
:10157000DA07F2D5A36A012043F01003A362E36AFD
:1015800043F00103E362E0E7F8B5044600286DD0BC
:10159000836A23B9C36280F8243004F057F82046E8
:1015A000FFF7CCFFA36A13F0100361D100285FD1CD
:1015B000A26A616822F4885222F0020242F002021A
:1015C000E569A668A262227B2943B6F5807F41EADD
:1015D000420136D0771E7D427D412D02277D012FAD
:1015E00006D182BBA269013A45EA423242F4006563
:1015F0002268B6F5807F576827F4694745EA0705F2
:10160000556097681D4D05EA070545EA0105956097
:1016100001D0012E02D12369013B1B05D56A25F4B7
:1016200070052B43D3629268154B1340994213D136
:101630000023E362A36A23F0030343F00103A362E0
:10164000F8BD3546CAE7A26A42F02002A262E26A09
:1016500042F00102E262CBE7A36A23F0120343F0F7
:101660001003A362E36A43F00103E3620120E7E7AA
:10167000A36A43F01003A362F8E700BFFDF7E1FFA0
:10168000FE0E1FFF002373B5019390F8243004462B
:10169000012B62D0012380F82430FFF74FFF204652
:1016A000FFF784FE054600282FD1A36A022023F409
:1016B000885323F0020343F00203A362284B1E6801
:1016C00000F0A2FBB6FBF0F676000196019B03BB8F
:1016D0002268936843F00803936000F085F806469B
:1016E00023689A68110718D49A6842F004029A6035
:1016F00000F07AF8064623689B685B0723D4A36A48
:1017000023F0030343F00103A362002384F8243091
:1017100016E0019B013B0193D8E700F065F8801BC0
:101720000A28DDD923689B681807D9D5A36A012543
:1017300023F0120343F01003A362002384F8243043
:10174000284602B070BD00F04FF8801B0A28D2D99D
:1017500023689B685A07CED5E8E70225F0E700BF6B
:101760000000002038B50E4B05461A784FF47A7306
:10177000B3FBF2F30B4A1068B0FBF3F000F04EFE3F
:10178000044658B90F2D09D8024629464FF0FF30BC
:1017900000F006FE2046044B1D6038BD0120FCE72A
:1017A000040000200000002008000020074A08B5BF
:1017B0001368032043F01003136000F0DFFD0820DE
:1017C000FFF7D0FF04F0D4FB002008BD002002404A
:1017D000034A044B11681B780B441360704700BF29
:1017E0002402002004000020014B1868704700BF4D
:1017F0002402002038B50446FFF7F6FF0546631CB7
:101800001EBF044B1B78E418FFF7EEFF431BA342F7
:10181000FAD338BD040000202DE9F341054638B362
:101820000368DB0710D42B689F075ED42B68190769
:1018300000F195802B685A0700F1C180EB69002BFD
:1018400040F02C81002029E0904C636803F00C03E9
:10185000042B07D0636803F00C03082B0AD16368DC
:10186000DE0307D523689C03DDD56B68002BDAD136
:10187000012013E06B68B3F5803F12D1236843F475
:1018800080332360FFF7B0FF064623689803CAD46D
:10189000FFF7AAFF801B6428F7D9032002B0BDE838
:1018A000F0819BB9236823F480332360236823F4F9
:1018B00080232360FFF798FF064623689903B2D57B
:1018C000FFF792FF801B6428F7D9E6E7B3F5A02F56
:1018D000236803D143F480232360CFE723F48033CC
:1018E0002360236823F48023CBE7684C636813F0FC
:1018F0000C0F07D0636803F00C03082B10D163684A
:10190000DA030DD423689B0702D52B69012BAFD1D5
:1019100023686A6923F0F80343EAC203236085E77A
:101920002A695B4B6AB101221A60FFF75DFF064628
:1019300023689F07ECD4FFF757FF801B0228F7D9D5
:10194000ABE71A60FFF750FF0646236898077FF55C
:101950006DAFFFF749FF801B0228F6D99DE7AA6902
:101960004A4E4B4BE2B10122C3F88024FFF73CFF03
:101970000446736A9B070DD54FF4FA52454B1B681A
:10198000B3FBF2F3019300BF019B5A1E0192002B9F
:10199000F9D14FE7FFF728FF001B0228E9D97CE7C0
:1019A000C3F88024FFF720FF0446736A9F077FF582
:1019B00041AFFFF719FF001B0228F6D96DE7334C42
:1019C000E369D80024D40127E36943F08053E3613D
:1019D000E36903F080530093009B2F4E3368D905D1
:1019E00018D5EB68012B26D1236A43F0010323624B
:1019F000FFF7FAFE41F288380646236A9B073FD577
:101A0000002F3FF41BAFE36923F08053E36115E738
:101A10000027E2E7336843F480733360FFF7E4FEA6
:101A200080463368DA05DCD4FFF7DEFEA0EB080061
:101A30006428F6D931E7ABB9236A41F2883823F03C
:101A400001032362236A23F004032362FFF7CCFE21
:101A50000646236A9807D3D5FFF7C6FE801B40458C
:101A6000F7D91AE7052B236A03D143F00403236255
:101A7000BAE723F001032362236A23F00403B6E7E5
:101A8000FFF7B2FE801B4045B7D906E700100240C1
:101A90000000424200000020007000402A4C6268B2
:101AA00002F00C02082A3ED00022022B274B1A66B5
:101AB0002CD1FFF799FE06462368990120D42B6AA2
:101AC000B3F5803F05D16268A96822F400320A4369
:101AD0006260696A62680B4322F474121343012244
:101AE00063601A4B1A66FFF77FFE054623689A016A
:101AF0003FF5A8AEFFF778FE401B0228F6D9CCE6EA
:101B0000FFF772FE801B0228D6D9C6E6FFF76CFEEF
:101B1000054623689B017FF595AEFFF765FE401BE8
:101B20000228F6D9B9E6012B3FF4A2AE60682B6A11
:101B300000F480329A427FF49BAE6B6A00F470101E
:101B4000C01A18BF0120A9E600100240000042425E
:101B50000D4A536803F00C01082912D10B48C3F356
:101B60008341DB03405C09D55368094AC3F3404312
:101B70005043084AD35CB0FBF3F07047064B584320
:101B800070470348704700BF00100240D2B1000800
:101B900000127A00D0B1000800093D002DE9F041A3
:101BA0000D46044610B90120BDE8F081444A13688F
:101BB00003F007038B4228D321688E0730D4CA076D
:101BC00043D43F4A136803F00703AB4265D8226849
:101BD0003C4D12F0040F6CD1130706D56B682269D7
:101BE00023F4605343EAC2036B60FFF7B1FF6B68F5
:101BF000354AC3F30313D35CD840344B1860344BDD
:101C00001868FFF7AFFD0020CEE7136823F0070345
:101C10000B431360136803F007038B42C3D1CBE778
:101C2000284B11F0040F1EBF5A6842F4E0625A605C
:101C3000080742BF5A6842F460525A605A68A06866
:101C400022F0F00202435A60B9E762681D4E012A91
:101C500033681AD113F4003FA5D0736841F2883875
:101C600023F0030313437360FFF7BEFD0746736859
:101C7000626803F00C03B3EB820FA2D0FFF7B4FD50
:101C8000C01B4045F3D903208EE7022A02D113F08E
:101C9000007FE1E713F0020FDEE7136823F007038C
:101CA0002B431360136803F00703AB427FF47BAF51
:101CB0008DE76B68E16823F4E0630B436B608BE7AF
:101CC0000020024000100240C0B1000800000020C7
:101CD00008000020044B054A5B68C3F30223D35C71
:101CE000034A1068D840704700100240B8B100089D
:101CF00000000020044B054A5B68C3F3C223D35C99
:101D0000034A1068D840704700100240B8B100087C
:101D10000000002003682DE9F3410546D80720D5CF
:101D2000364CE369D9002AD40126E36943F0805395
:101D3000E361E36903F080530193019B304F3B68FB
:101D4000DA051ED5236A13F440732ED1236A6A681C
:101D500023F44073134323621EB1E36923F08053DD
:101D6000E3612A68910706D52449A8684B6823F4E3
:101D7000404303434B60D30637D4002012E00026D3
:101D8000DCE73B6843F480733B60FFF72DFD804642
:101D90003B68DB05D6D4FFF727FDA0EB08006428DD
:101DA000F6D9032002B0BDE8F0816A6802F44072FF
:101DB0009A42CBD00120134A236AC2F84004002083
:101DC00023F44071DF07C2F840042162BED5FFF75B
:101DD0000BFD41F288380746236A9807B6D4FFF70F
:101DE00003FDC01B4045F7D9DBE7044AE9685368A7
:101DF00023F480030B435360BFE700BF0010024091
:101E00000070004000004242022808B544D010286B
:101E100003D0012822D0002034E0254B5A681868EE
:101E200010F080702ED0C2F383412248D20348BF05
:101E30005A68405C41BF2049C2F34042895C1F4A56
:101E40005B684CBFB2FBF1F21D4A5B0202FB00F083
:101E500018D403234000B0FBF3F013E040F202314A
:101E6000134A136A1940B1F5817F1ED003F4407301
:101E7000B3F5007F07D149F64040536A13F0020FD3
:101E800008BF002008BDB3F5407FC4D113684FF2EE
:101E9000244013F4003FF3E7FFF72CFF044B5B688B
:101EA000C3F3813301335B00D5E74FF40040E9E72A
:101EB00000100240E4B10008E2B1000800127A000C
:101EC00000093D002DE9F74F00244FF00F0E264684
:101ED000DFF884C1614B00F104080A6832FA06F5A4
:101EE00002D103B0BDE8F08F012505FA06F702EA3A
:101EF000070537EA020276D14A68032A07D8013A71
:101F0000022A00F28380DFE802F091969C00122AF8
:101F100000F0948069D8112A00F08A80FF2D94BFC8
:101F20008146C1464FEA8602D9F8007088BF203A40
:101F30000EFA02FA27EA0A0704FA02F21743C9F86E
:101F40000070D1F8049019F0805F4CD0DCF81820B4
:101F500026F0030742F00102CCF81820DCF8182024
:101F600007F1804702F00102019207F5803706F081
:101F7000030A019A4FEA8A0ABA680EFA0AFB22EAB1
:101F80000B0B374A904260D002F5806290425ED0DF
:101F900002F5806290425CD002F58062904214BFEC
:101FA0000422032202FA0AF242EA0B02BA609A6899
:101FB00019F4801F14BF2A43AA439A60DA6819F4FF
:101FC000001F14BF2A43AA43DA605A6819F4003F7D
:101FD00014BF2A43AA435A601A6819F4803F14BFF9
:101FE0002A43AA431A60013677E7DFF878904A451A
:101FF0000CD014D8A9F580194A4507D009F57029E5
:102000004A4503D0A9F580194A4587D18A68D2B1DB
:10201000012A4FF008040CBF076147617EE7DFF833
:1020200048904A45F2D009F58039EDE7CC6875E76C
:10203000CC68043472E7CC6808346FE7CC680C34A1
:102040006CE700246AE7042468E70022AAE701227B
:10205000A8E70222A6E700BF0010024000040140EA
:102060000008014000002210000031108068084084
:10207000003818BF012070470AB101617047090498
:10208000FBE7C36801EA030221EA030141EA0241D6
:1020900001617047044A08B55169014202D050619C
:1020A00002F0E2FF08BD00BF00040140034610B586
:1020B00030B301681420134A0A44B2FBF0F29200D4
:1020C0001A64114ADA63022283F82120D3E9012439
:1020D0002243DC68086822431C696FF30D10224319
:1020E0005C6922439C692243DC69224302430A6003
:1020F00000200122986383F8200083F8212010BD7E
:102100000120FCE7F8FFFDBF00000240F0B590F8A9
:102110002040012C34D0012480F8204090F8214048
:10212000012CE5B24FF0000428D1022680F821608E
:1021300084630468266826F001062660D0E90F67EC
:10214000BD40756063604368102BC36A0BBFA2601B
:10215000A160E160E2604BB1236843F00E03002010
:102160002360236843F001032360F0BD236823F05C
:1021700004032360236843F00A03F0E780F820405B
:102180000220F2E790F821200346022A06D004221A
:1021900082630120002283F8202070470268C06B10
:1021A000116821F00E011160116821F00101116028
:1021B00001211A6C01FA02F24260002083F821101A
:1021C000E8E7000008B590F82130022B03D0042383
:1021D0008363012008BD03681A6822F00E021A60AA
:1021E0001A6822F001021A60174A93421FD0143273
:1021F00093421ED0143293421DD0143293421DD00C
:10220000143293421DD01432934214BF4FF08073A6
:102210004FF480130D4A5360012380F821300023CE
:1022200080F82030436B03B198470020D2E70123A8
:10223000F0E71023EEE74FF48073EBE74FF48053A1
:10224000E8E74FF48033E5E7080002400000024071
:1022500070B40425C66B026C34680368954025424F
:10226000196832D04D0730D51A6896065EBF1A68D5
:1022700022F004021A603E4A934219D0143293426B
:1022800018D01432934217D01432934217D014321C
:10229000934217D01432934214BF4FF080634FF42F
:1022A0008003344A5360C36A002B5ED070BC184769
:1022B0000423F6E74023F4E74FF48063F1E74FF49B
:1022C0008043EEE74FF48023EBE70225954025425B
:1022D00035D08D0733D51A68940606D41A6822F0D3
:1022E0000A021A60012280F82120214A934219D063
:1022F0001432934218D01432934217D014329342BE
:1023000017D01432934217D01432934214BF4FF0B7
:1023100000734FF40013174A5360002380F82030F5
:10232000836AC1E70223F6E72023F4E74FF4007342
:10233000F1E74FF40053EEE74FF40033EBE70825E5
:102340009540254211D009070FD5196821F00E01DB
:102350001960012303FA02F27260836380F821306E
:10236000002380F82030036B9EE770BC704700BFED
:102370000800024000000240806B704707490302DA
:10238000CA6803F4E06322F4E0621204120C1343FF
:1023900043F0BF6343F40033CB60704700ED00E0CF
:1023A000154B30B5DC68C4F30224C4F10703251DC6
:1023B000042B28BF0423062D4FF0FF3594BF0024C3
:1023C000033C05FA03F321EA0303A54022EA0502D0
:1023D000A340002843EA0203ACBF00F16040074A73
:1023E0004FEA0313DBB2ABBF00F5614000F00F0012
:1023F00080F80033135430BD00ED00E014ED00E030
:10240000002807DB01234109034A00F01F00834035
:1024100042F82130704700BF00E100E00138B0F120
:10242000807F0BD24FF0E023F021054A586182F8FB
:1024300023100020072298611A617047012070471D
:1024400000ED00E038B5044600286ED090F820304A
:102450000BB903F065F92268136843F001031360B8
:10246000FFF7C2F9054623685A68D10751D51A68A3
:1024700022F002021A60FFF7B7F9054623685A688E
:10248000920754D4227E0020012A1A680CBF42F021
:10249000800222F080021A60627E012A1A680CBF54
:1024A00042F0400222F040021A60A27E012A1A681D
:1024B0000CBF42F0200222F020021A60E27E012AC4
:1024C0001A680CBF22F0100242F010021A60227F3C
:1024D000012A1A680CBF42F0080222F008021A60B2
:1024E000627F012A1A680CBF42F0040222F0040243
:1024F0001A60D4E902210A4321690A4361690A4347
:10250000616801390A43DA610123606284F820308E
:102510000CE0FFF769F9401B0A28A4D9636A43F469
:1025200000336362052384F82030012038BDFFF7B3
:102530005BF9401B0A28A1D9F0E770B590F820306C
:10254000013B012B63D803680120D3F8002242F03D
:102550000102C3F800224A69D3F81C5202F01F049A
:10256000A04025EA0005C3F81C52CD69C44395BBC1
:10257000D3F80C52CE682540C3F80C528D8803EB7B
:10258000C20245EA0645C2F840528E680D8845EA07
:102590000645C2F844528A697ABBD3F80422224025
:1025A000C3F804220A6962BBD3F814221440C3F8AA
:1025B00014420A6A012A04BFD3F81C2202434FF0D6
:1025C000000008BFC3F81C22D3F8002222F0010249
:1025D000C3F8002270BD012DDDD1D3F80C520E6876
:1025E0000543C3F80C528D8803EBC20245EA064549
:1025F000C2F840528E688D89C9E7D3F8042202439D
:10260000CEE7D3F814220243C3F81422D1E7436A79
:1026100043F4802343620120DCE738B590F8203092
:102620000446012B1FD10223026880F82030136872
:1026300023F001031360FFF7D7F8054623685868B5
:1026400010F0010001D1606238BDFFF7CDF8401BEA
:102650000A28F3D9636A43F400336362052384F8DC
:1026600020300120F0E7436A43F400234362F8E797
:10267000F0B590F820500468013D012DA6683CD8C3
:1026800016F0E05F33D00125C6F3016085401D6080
:10269000D1E9025700F1180315BB0D681B0147EA89
:1026A0004557E75004EB0013050100200E692C4448
:1026B000C3F88461097D012902BFD3F8841141F474
:1026C0008071C3F884115168C4F88C111268C4F881
:1026D0008821D3F8802142F00102C3F88021F0BDA7
:1026E0004E683D4345EAC6051B01E550DAE7436AFB
:1026F00043F4001343620120F1E7436A43F480236B
:10270000F8E7F0B590F82040013C012C71D806683C
:1027100041B9F468A40707D1436A43F40013436244
:102720000120F0BD3469F5E706EB0115D5F8B0716D
:102730000C0107F004079760002F50D1D5F8B07155
:102740007F0D1760D5F8B071264407F00207D760F7
:10275000D5F8B4713F074EBF0827D5F8B47107F01C
:102760000F071761D5F8B471D5F8B451C7F307272F
:102770002D0C97615561D6F8B8211A700268224471
:10278000D2F8B821120A5A7002682244D2F8B8214D
:10279000120C9A7002682244D2F8B821120EDA7034
:1027A00002682244D2F8BC211A7102682244D2F88D
:1027B000BC21120A5A7102682244D2F8BC21120CC0
:1027C0009A7102682244D2F8BC21120EDA710368B1
:1027D00051B9DA6842F02002DA600020A1E7D5F8AA
:1027E000B071FF085760ADE71A6942F020021A6124
:1027F000F3E7436A43F4802391E7704770477047DB
:102800007047704770477047704770477047704710
:1028100070472DE9F84F036805465E69D3F80490C8
:1028200016F00104D3F80880D3F80CB0D3F810A048
:102830009F6927D018F0010F07D0012218F0020F6E
:102840009A6000F0A580FFF7D8FF002418F4807F7D
:102850000AD04FF480722B6818F4007F9A6000F061
:10286000A6802846FFF7CAFF18F4803F0AD04FF42D
:1028700080322B6818F4003F9A6000F0A880284648
:10288000FFF7BDFF310707D51BF0100F1FBF102248
:102890002B6844F40074DA60720708D51BF0080F47
:1028A00005D008222B682846DA60FFF7ADFFB30792
:1028B00006D52B68DB68980702D02846FFF7A3FFF0
:1028C000710607D51AF0100F1FBF10222B6844F4B1
:1028D00080641A61B20608D51AF0080F05D00822E4
:1028E0002B6828461A61FFF790FFF30606D52B6880
:1028F0001B69980702D0284603F000FCB10308D5F5
:1029000019F0100F05D010222B6828465A60FFF7E7
:102910007DFFF20308D519F0080F05D008222B68B7
:1029200028465A60FFF773FF330428D519F0040FC7
:102930002A6822D0F00544BF07F001031C43B1050B
:1029400003D5BB0748BF44F00204700503D57907DF
:1029500048BF44F0040433050FD517F070030CD0C2
:10296000402B54D043D8202B4BD0302B4CD0102BA5
:1029700044D0936923F070039361042353602CB116
:102980006B6A284623436B62FFF742FFBDE8F88F6E
:1029900018F0040F05D118F0080F05D1FFF730FF2C
:1029A00053E74FF4006451E74FF480544EE718F4B6
:1029B000806F02D044F4005456E718F4006F02D040
:1029C00044F4804450E72846FFF71BFF4CE718F417
:1029D000802F02D044F4004454E718F4002F02D0B2
:1029E00044F480344EE72846FFF70CFF4AE7502BAB
:1029F00010D0602BBDD144F48074BAE744F00804D1
:102A0000B7E744F01004B4E744F02004B1E744F021
:102A10004004AEE744F08004ABE7016800224B6954
:102A200013F4806310D06FF480634B612023026342
:102A300080F83D3080F83E20036C80F83C2043F065
:102A40000403036401207047184670472DE9F846D7
:102A500006460F4691461D464FEA114A3368BAF1C1
:102A6000010F39D15C6927EA0404A4B2B4FA84F4F2
:102A70006409A14501D0002024E06A1CEFD0FEF7D4
:102A8000B3FE089BC01AA84201D8002DE6D1BAF1C6
:102A9000010F336818D15B6927EA03039BB2B3FACD
:102AA00083F35B099945D9D10023202201203363A8
:102AB00086F83D2086F83E30326C86F83C3042F095
:102AC00020023264BDE8F8869B69DB43C3F3400310
:102AD00083F00103DBB2E5E79C69E443C4F34004FF
:102AE00084F00104E4B2C4E72DE9F04104460F4646
:102AF000164698462568686927EA000080B2C0B18A
:102B00006B695A0517D52B68202243F400732B609C
:102B10006FF480636B610023236384F83D2084F8A5
:102B20003E30236C43F0040323640023012084F827
:102B30003C30BDE8F081731CDDD0FEF755FEA0EB04
:102B40000800B04201D8002ED4D123685A6927EA80
:102B5000020292B2002ACDD000232022236384F8FF
:102B60003D2084F83E30236C1343DDE770B5044606
:102B70000D46164623685B691B0601D500201EE042
:102B80002046FFF74AFFC8B96A1CF3D0FEF72CFEB7
:102B9000801BA84201D8002DECD123685B6913F09B
:102BA0008003E7D12022236384F83D2084F83E305F
:102BB000226C84F83C3042F020022264012070BD77
:102BC00070B504460D46164623685B695B0701D560
:102BD00000201EE02046FFF720FFC8B96A1CF3D092
:102BE000FEF702FE801BA84201D8002DECD123681D
:102BF0005B6913F00403E7D12022236384F83D20AE
:102C000084F83E30226C84F83C3042F0200222648A
:102C1000012070BD70B5044608B9012070BD90F860
:102C20003D3003F0FF021BB980F83C2002F028FE83
:102C3000242384F83D3023681A6822F001021A60C8
:102C40001A6842F400421A601A6822F400421A60BC
:102C5000FFF740F83F4B65689D4294BF3E4B3F4BAA
:102C600098428CBF00230123002BD6D1394E3C4B18
:102C7000B542B0FBF3F388BF4FF4967622685168F3
:102C800021F03F0141EA030182BF73434FF47A769A
:102C9000B3FBF6F35160116A013321F03F010B439E
:102CA0001362D169431E2B4821F44F41854221F024
:102CB000FF0132D86D00B3FBF5F340F6FC70013331
:102CC000034242D0C3F30B031943D1611168D4E925
:102CD000073021F0C00103430B4313609168D4E92E
:102CE000030321F40341034321F0FF010B439360ED
:102CF000D168D4E9053021F0FF0103430B43D360D1
:102D00001368002043F0010313602023206484F83B
:102D10003D30206384F83E0080E7A06850B905EBA1
:102D20004505B3FBF5F30133C3F30B037BB143F468
:102D30000043C9E719206843B3FBF0F30133C3F341
:102D40000B0323B143F44043BEE70423BCE7012354
:102D5000BAE700BFA08601007F841E00FF083D0087
:102D600040420F002DE9F043044685B098460D46D9
:102D700091460C9FFEF738FD94F83D300646202B17
:102D800004D00225284605B0BDE8F0830090192341
:102D9000012220465C49FFF759FE0028F1D194F842
:102DA0003C30012BEDD00123216884F83C300B68C6
:102DB000DA075EBF0B6843F001030B600B6823F476
:102DC00000630B60212384F83D30102384F83E30EB
:102DD00000232364A4F82A80638DC4F824902385FB
:102DE0004A4BE362E36A082B04D0012B02D013F5AF
:102DF000803F04D10B6843F480730B6002E0236BC7
:102E0000122BF7D000223B464FF0011120460096CE
:102E1000FFF71CFE226840B11368DB0501D40125D1
:102E2000B0E74FF400732364F9E72369B3F5804FEB
:102E300021D105F0FE05156133463A462046344956
:102E4000FFF752FE05460028E9D1236803905A692E
:102E500003929B690393039B238DF3B921680A684E
:102E600042F400720A60202284F83C3084F83D204D
:102E700084F83E3086E7EB1103F0060343F0F003DD
:102E80001361204633463A462249FFF72DFE0028BB
:102E9000C5D12368EDB21D61CEE7324639462046E2
:102EA000FFF764FE40B1236C042BB8D1226813688D
:102EB00043F400731360B2E7636A20681A4612F89D
:102EC000011B01616262628D013A92B26285228DBC
:102ED000D0F814C0511E89B21CF0040F21850AD00D
:102EE00049B15978023301616362638D023A013B53
:102EF0009BB263852285324639462046FFF760FE45
:102F00000028A9D0CFE700BF020010000000FFFF9B
:102F10000200010008000100036A026A70B522F095
:102F200001020262446882690D6822F073022A433A
:102F30008D6823F002032B430A4DA8420BD1CD68C4
:102F400023F008032B4324F44074D1E9055635439C
:102F500023F004032C43446082614A6842630362A5
:102F600070BD00BF002C0140036A026A70B522F4F4
:102F7000807202624468C2690D6822F073022A43BB
:102F80008D6823F4007343EA05230B4DA8420DD14D
:102F9000CD6823F4006343EA052324F44054D1E9C7
:102FA0000556354323F4806344EA05144460C26146
:102FB0004A68C263036270BD002C0140036A026A62
:102FC00030B522F4805202624468C2690D6822F46E
:102FD000E64242EA05228D6823F4005343EA0533B2
:102FE000064DA84202BF4D6924F4804444EA85148A
:102FF0004460C2614A680264036230BD002C014033
:1030000090F83D30012B20D1022380F83D30036839
:10301000DA6842F00102DA600D4A93420AD0B3F155
:10302000804F07D0A2F59432934203D002F580621C
:10303000934204D19A6802F00702062A03D01A6864
:1030400042F001021A60002070470120704700BF63
:10305000002C01400368DA6822F00102DA6041F2D4
:103060001112196A114208D140F24442196A114200
:1030700002BF1A6822F001021A60012380F83D3075
:10308000002070477047704770477047704703686B
:1030900070B5DD681E690446B1070DD5AA070BD5CA
:1030A0006FF002021A61012202779B699B0769D0C7
:1030B000FFF7EAFF00232377710710D56A070ED5C3
:1030C0006FF00402236820461A61022222779B696E
:1030D00013F4407F5CD0FFF7D7FF0023237733073B
:1030E0000FD528070DD56FF00802236820461A6116
:1030F00004222277DB69990750D0FFF7C5FF002330
:103100002377F20610D5EB060ED56FF01002236878
:1031100020461A6108222277DB6913F4407F43D0EE
:10312000FFF7B2FF00232377F00708D5E90706D59C
:103130006FF00102236820461A6101F0F9FD3206A2
:1031400008D52B0606D56FF08002236820461A6149
:1031500000F097FA700608D5690606D56FF04002B0
:10316000236820461A61FFF791FFB20622D5AB060D
:1031700020D56FF0200223682046BDE870401A6118
:1031800000F07EBAFFF77FFF2046FFF77EFF91E752
:10319000FFF779FF2046FFF778FF9EE7FFF773FF01
:1031A0002046FFF772FFAAE7FFF76DFF2046FFF703
:1031B0006CFFB7E770BD0000174A036890420AD061
:1031C000B0F1804F07D0A2F59432904203D002F5BF
:1031D0008062904207D14A6823F070031343CA68A3
:1031E00023F4407313434A6923F0800313430360BD
:1031F0008B68C3620B688362074B984204BF0B69FC
:103200000363012343610369DB0742BF036923F0C2
:1032100001030361704700BF002C014010B5044654
:1032200030B390F83D3003F0FF021BB980F83C202A
:1032300002F0CCFB0223206884F83D30211DFFF70B
:10324000BBFF0123002084F8463084F83E3084F828
:103250003F3084F8403084F8413084F8423084F8BC
:10326000433084F8443084F8453084F83D3010BD54
:103270000120FCE710B5044630B390F83D3003F070
:10328000FF021BB980F83C20FFF7FCFE02232068F8
:1032900084F83D30211DFFF78FFF0123002084F8C3
:1032A000463084F83E3084F83F3084F8403084F86B
:1032B000413084F8423084F8433084F8443084F854
:1032C000453084F83D3010BD0120FCE7036A026AF6
:1032D00070B522F010020262446882690D6822F41F
:1032E000E64242EA05228D6823F0200343EA0513F3
:1032F0000B4DA8420DD1CD6823F0800343EA05139E
:1033000024F44064D1E90556354323F0400344EAF0
:103310008504446082614A688263036270BD00BFB5
:10332000002C014038B590F83C300446012B4FD0BA
:103330000120082A84F83C003AD006D8BAB1042A01
:1033400026D0002384F83C3038BD0C2AF9D12068FF
:10335000FFF734FEC3690A6943F40063C361C369BC
:1033600023F48063C361C36943EA02232EE020682B
:10337000FFF7D2FD83690A6943F00803836183691B
:1033800023F0040383618369134383610020D8E73A
:103390002068FFF79BFF83690A6943F40063836138
:1033A000836923F480638361836943EA0223ECE742
:1033B0002068FFF7D9FDC3690A6943F00803C361B8
:1033C000C36923F00403C361C3691343C361DDE729
:1033D0000220B9E710B584680A4324F47F4442EA26
:1033E00003222243826010BD38B590F83C30044679
:1033F000012B4FF0020000F08E80012284F83D0086
:10340000206884F83C20836823F47F4323F077030B
:1034100083600B68602B4FD032D8402B64D016D815
:10342000202B0DD00AD833F0100109D0012384F8E5
:103430003D30002384F83C30104638BD302BF5D1A8
:10344000826822F07002134343F0070328E0502BF8
:10345000ECD14A68CD68016A036A21F00A0123F0C1
:103460000103036283690A4323F0F00343EA05136F
:1034700083610262836823F0700343F057030FE017
:10348000B3F5805F0DD0B3F5005F0CD0702BCDD1BC
:10349000CB68D1E90121FFF79DFF836843F07703F3
:1034A00083600022C2E7CB68D1E90121FFF792FFD8
:1034B000836843F48043F3E7036A026A4D6822F0AD
:1034C0001002C9680262826923F0A00322F47042EC
:1034D00043EA051342EA013282610362836823F002
:1034E000700343F06703DBE74A68CD68016A036A4B
:1034F00021F00A0123F00103036283690A4323F0E8
:10350000F00343EA051383610262836823F07003CA
:1035100043F04703C4E702468EE710B50124036A6F
:1035200001F01F018C4023EA04030362036A8A400E
:103530001A43026210BD000008B529B990F83E3068
:10354000012B1DD001202EE0042907D190F83F3037
:10355000012BF7D1022380F83F3014E0082907D16E
:1035600090F84030012BEDD1022380F840300AE082
:1035700090F84130012BE5D1022380F8413002E080
:10358000022380F83E3000680122FFF7C6FF0F4B90
:10359000984209D0B0F1804F0BD1836803F0070344
:1035A000062B0DD1002008BD436C43F40043436457
:1035B000F3E7074B9842F0D003F580639842ECD0D4
:1035C000036843F001030360ECE700BF002C0140F7
:1035D00000040040FFF7B0BF30B590F83C30024621
:1035E000012B4FF0020022D0136882F83D005C6886
:1035F0000D6824F070042C4398685C600C4CA34266
:103600000AD0B3F1804F07D0A4F59434A34203D07D
:1036100004F58064A34204D1496820F0800001438E
:1036200099600123002082F83D3082F83C0030BDD3
:10363000002C014090F83C300246012B1ED0CB6894
:10364000886823F440730343486823F4806303438A
:10365000086823F400630343086923F48053034399
:10366000486923F4005303430020C96923F48043CD
:103670000B4311684B6482F83C007047022070478E
:1036800070477047026802F10C0353E8003F23F4CF
:1036900090730C3242E8003102680029F2D102F145
:1036A000140353E8003F23F0010302F1140C4CE82B
:1036B00000310029F3D1036B012B0BD102F10C0374
:1036C00053E8003F23F0100302F10C0C4CE80031EA
:1036D0000029F3D1202380F8423000230363704790
:1036E00010B504460368C1681A6922F440520A43BF
:1036F0001A6182680069D9680243606921F4B05197
:1037000021F00C0102430A43DA605A69A16922F4EC
:1037100040720A435A610E4A934215D1FEF7EAFA03
:1037200019234343626820689200B3FBF2F36422DA
:10373000B3FBF2F102FB11331B013233B3FBF2F3A3
:1037400003EB0113836010BDFEF7C4FAE8E700BF86
:103750000038014010B5044648B390F8413003F0FA
:10376000FF021BB980F8402002F066FA2423226889
:1037700084F84130D368204623F40053D360FFF728
:10378000AFFF236800201A6922F490421A615A6937
:1037900022F02A025A61DA6842F40052DA602023E9
:1037A000606484F8413084F84230606310BD0120C9
:1037B000FCE7000038B50446134694F84120202A5F
:1037C00027D141B33BB300222120E384134D62642F
:1037D00084F84100A06BA38421628562104DC5620C
:1037E000104DC0E90C5222680432FEF78FFC6FF0D6
:1037F000400223681A60226802F1140353E8003F74
:1038000043F0800302F1140141E800300028F3D1B5
:1038100038BD0220FCE70120FAE700BFC9380008E4
:10382000173900082739000810B50446226802F14C
:103830000C0353E8003F23F490730C3242E800314C
:1038400023680029F2D103F1140252E8002F22F07C
:10385000010203F1140040E800210029F3D1226B9A
:10386000012A0BD103F10C0252E8002F22F01002C2
:1038700003F10C0040E800210029F3D15A695206F7
:103880001AD503F1140252E8002F22F0400203F18E
:10389000140040E800210029F3D1E06B60B14163DE
:1038A000FEF770FC40B1E06BFEF766FD202803D107
:1038B00010230320636410BD00202023E08584F8DA
:1038C00042302063F7E7704708B503461B68406A3B
:1038D0001B6813F020031AD1C384026802F1140399
:1038E00053E8003F23F08003143242E800310268BD
:1038F0000029F2D102F10C0353E8003F43F04003EA
:1039000002F10C0040E800310029F3D108BDFFF7B7
:10391000DAFFFBE7704708B5406AFFF7FBFF08BD19
:1039200070477047704708B5406A03685A6990F855
:103930004110212912D1120610D50022C28403F1B0
:103940000C0252E8002F22F0C00203F10C0C4CE8EC
:1039500000210029F3D1202280F841205B6990F8F2
:103960004220222A05D15B0603D50023C385FFF739
:1039700089FE436C43F010034364FFF7D3FF08BD97
:1039800008B50023406AC385C384FFF7CBFF08BD99
:1039900008B50123406A4363036B012B04D1818D79
:1039A000490801F053FA08BDFFF7BBFFFBE708B574
:1039B00003461B68406A1B6813F0200337D1C38598
:1039C000026802F10C0353E8003F23F480730C32C9
:1039D00042E8003103680029F2D103F1140252E8F1
:1039E000002F22F0010203F1140C4CE80021002901
:1039F000F3D103F1140252E8002F22F0400203F148
:103A0000140C4CE800210029F3D1202280F8422038
:103A1000026B012A0BD103F10C0252E8002F22F0B5
:103A2000100203F10C0C4CE800210029F3D1002313
:103A30004363036B012B03D1818D01F007FA08BDAD
:103A4000FFF76EFFFBE790F8423007B5222B42D11B
:103A500081680268B1F5805F836A3ED101690029FF
:103A60003ED15268C2F3080223F8022B8362C38D51
:103A7000013B9BB2C385002B2DD10268D16821F098
:103A80002001D160D16821F48071D160516921F0A9
:103A900001015161202280F842204363026B012A18
:103AA000026827D1036302F10C0353E8003F23F0BF
:103AB000100302F10C0C4CE800310029F3D113681B
:103AC000DB0605D501911368019353680193019BAF
:103AD000818D01F0BBF903B000BD39B9016929B985
:103AE0005268D2B21A70836A0133BFE7526802F09B
:103AF0007F02F7E7FFF714FFEDE70000036873B5F7
:103B00001A6804461607D9685D6908D1960668D513
:103B10008D0666D502B0BDE87040FFF794BF05F092
:103B2000010001F4907505435BD0D60705D5CD059E
:103B300042BF636C43F001036364530704D518B1BB
:103B4000636C43F002036364960704D518B1636C99
:103B500043F004036364150707D501F02003034312
:103B60001EBF636C43F008036364636C002B32D0A8
:103B7000920604D58B0602D52046FFF764FF26681F
:103B800020467369626C03F0400302F0080253EAB6
:103B9000020522D0FFF776FD73695E0618D522680C
:103BA00002F1140353E8003F23F04003143242E8CB
:103BB00000310029F3D1E06B50B1744B4363FEF741
:103BC00001FB40B1E06B436B02B0BDE870401847A9
:103BD0002046FFF7A7FE02B070BDFFF7A3FE6564A5
:103BE000F9E7206B012840F09480D50640F19180E0
:103BF000C80640F18E80002201921A6801925A682C
:103C00000192019A5A6952064DD5E16B0A685268D1
:103C100092B2002ADFD0A08D9042DCD9E2858A6979
:103C2000202A36D003F10C0252E8002F22F48072D1
:103C300003F10C0040E800210029F3D103F1140244
:103C400052E8002F22F0010203F1140040E80021A5
:103C50000029F3D103F1140252E8002F22F04002B0
:103C600003F1140040E800210029F3D1202284F858
:103C70004220216303F10C0252E8002F22F01002CF
:103C800003F10C0040E800210029F3D1E06BFEF7BE
:103C900079FA02236363E38DA18DC91A89B22046A4
:103CA00001F0D4F897E7E28DE18D92B289B2002954
:103CB00091D0A18D891A89B200298CD003F10C0210
:103CC00052E8002F22F4907203F10C0545E8002021
:103CD0000028F3D103F1140252E8002F22F0010270
:103CE00003F1140545E800200028F3D1202284F8D0
:103CF0004220206303F10C0252E8002F22F0100250
:103D000003F10C0545E800200028F3D1022363638A
:103D1000C5E7160628D50D0626D594F84120212A98
:103D20007FF459AFA168226AB1F5805F17D121698C
:103D3000A9B932F8021BC1F3080159602262E28C72
:103D4000013A92B2E284002A7FF445AFDA6822F0A9
:103D50008002DA60DA6842F04002DA603BE7511C28
:103D6000216212785A60EAE750067FF534AF4A06BE
:103D70007FF531AFDA68204622F04002DA60202376
:103D800084F84130FFF79FFD25E700BF8139000827
:103D900073B513468285002522220446816245645C
:103DA00080F84220C06B1D4A266882621C4AC262AB
:103DB0001C4AC0E90C250A46311DFEF7A7F9236805
:103DC00001951A6801925A680192019A22695AB1C2
:103DD00003F10C0252E8002F42F4807203F10C0050
:103DE00040E800210029F3D103F1140252E8002F2A
:103DF00042F0010203F1140040E800210029F3D150
:103E000003F1140252E8002F42F0400203F11401C2
:103E100041E800200028F3D102B070BDAF3900089E
:103E2000913900082739000870B590F84260202EBB
:103E300007D141B13AB100240463FFF7A9FF20463E
:103E400070BD0220FCE70120FAE773B590F84260EC
:103E50000446202E22D111B9012002B070BD002AE3
:103E6000FAD00123002503634563FFF791FF236B1D
:103E7000012BF1D1226801951368019353680193D6
:103E8000019B02F10C0353E8003F43F0100302F1E1
:103E90000C0141E800300028F3D1DEE70220DCE726
:103EA00038B51546FCF79EFD0D490446FDF760F850
:103EB00050B120460B49FCF795FD04462968204681
:103EC000FCF792FD286038BD20460749FDF732F81F
:103ED0000028F3D020460349FCF786FDEDE700BF3C
:103EE000000034430000B443000034C3F8B50F4F62
:103EF00006460D46144639680D4AFFF7D1FF0C4BB4
:103F00003E600C4E18600C4A28463168FFF7C8FF27
:103F1000094B3560094D1860094A20462968FFF7AA
:103F2000BFFF074B2C601860F8BD00BF30020020B7
:103F30003C0200202C020020380200202802002031
:103F40003402002013B53A2104F0D7FB044648B1EF
:103F500004F03CFC002301A90360601C03F0C8FDD1
:103F600002B010BD0048FBE7000080BF10B502F0B2
:103F70009FFA002821D0114CA269E169206AFFF75D
:103F8000B5FF0F4BA2699A60E2695A600D4A126848
:103F90001A60E2685A6122691A616269DA6022680D
:103FA0001A626268DA61A2689A61226C5A62626A75
:103FB0001A64A26ADA63E26A9A6310BD540C0020A4
:103FC000480500203C02002070B50C461349054608
:103FD000FCF7B0FFE0B928461149FCF7C9FF00B172
:103FE0000F4D104E20460D497560FCF7A3FF98B9A0
:103FF00020460B49FCF7BCFF60B109482946B06078
:10400000FCF7F2FC4FF07C51FCF7F6FDF06070BD60
:10401000024DE6E72046F1E70048EFE70000A0C2C6
:104020000000A04224050020034B93F8592182424E
:1040300018BF83F85901704740020020002370B573
:104040000F4C012684F8403184F858310023A4F83D
:104050004A61C4F85031FCF77BFD0A4B0546014626
:104060001868FCF7C1FC084BC4F84C011D6102F054
:104070002DFF064B30461E60BDE87040FFF7D4BFF1
:104080004002002048050020240500201C050020D7
:104090002DE9F843834FDFF81082B7F93A01FCF7B6
:1040A00057FD8249FCF7A8FD8149054620F00040F4
:1040B000D8F80040FCF73EFFA0B1002387F840315C
:1040C0007C4B7D4A1C60002313607C4A13607C4A51
:1040D00013607C4A53609360D36000237A4A136074
:1040E000BDE8F883794B1B7803F0FF02002B52D117
:1040F0000026704B87F840211C606F4B1E606F4B91
:104100001E60734BDFF8CC811C68734B1B78002B4F
:1041100040F092800020C8F80000704B1B78002B04
:1041200040F0B5803146FCF75FFC6D490446FCF772
:1041300001FF002840F0B38020466A49FCF718FFD1
:10414000002800F0AA8067485D4B67491860FCF7BB
:1041500053FD6649FCF750FD044601462846FCF72E
:1041600043FC064621462846564CFCF73BFC3146AC
:10417000FFF72AFF60684E4920F00040FCF7F8FE88
:1041800038B9A0684A4920F00040FCF7F1FE002849
:10419000A3D00123A2E797F8403133B9454BC7F8C4
:1041A0003C411C60012387F840312146D7F83C018F
:1041B000FCF718FC04464E4EDFF838913146204695
:1041C000FCF7CCFE50BB4C4EDFF828913146204620
:1041D000FCF7B0FE40BB494B21461868484BD3F86A
:1041E0000090FCF709FDD8F80C1006464846FCF78D
:1041F00003FD01463046FCF7F5FB2F4B41491C609F
:104200000646FCF797FEA8B930463F49FCF7B0FEDA
:1042100000B13D4E294B1E601E6872E7204649469C
:10422000FCF7E0FB0446C9E720464946FCF7DCFB07
:104230000446CBE7334EEDE797F84831002B3FF4C7
:1042400069AFFDF7D1FAD7F84431C01AC8283FF654
:1042500061AF2E4924F00040FCF776FE00B1002447
:104260002B4B21461868FCF7C7FC2A490446FCF78B
:1042700061FE50B920462849FCF77AFE00B1264C71
:10428000C8F80040D8F8000047E7224CF8E7234B75
:10429000188800B2FCF75CFC47E7204654E710485A
:1042A00052E700BF4002002048050020CDCCCC3DA5
:1042B0000AD7233CC4030020C0030020BC03002015
:1042C000B8030020240500201C050020C90300209D
:1042D000D0030020CC030020C8030020B603002038
:1042E000000096C3000096436F12833A0000C0405E
:1042F000000034430000B443000034C31400002025
:104300001000002000007AC400007A440000404001
:104310000C0000200000F0C20000F042B4030020B6
:1043200000F0D0BB38B500240025154B83F85A5156
:1043300083F86C5183F84051C3F84851A3F83A51BF
:10434000C3F8544183F858510E4B1C600E4B1C604F
:104350000E4B1A680E4B1A600E4B1C600E4B1C6005
:104360000E4B1C6002F0B2FD0D4B28465C609C6059
:10437000DC600C4B1D60BDE83840FFF755BE00BF48
:1043800040020020D0030020CC030020480500207C
:10439000C4030020C0030020BC030020B803002099
:1043A000240500201C0500202DE9F843A74C00F04F
:1043B0006FFC94F84A31002B00F0D780A44ED4F85B
:1043C0004C013168FCF70EFB0546A24FDFF88882EE
:1043D00039462846FCF7C2FD002867D19F4FDFF819
:1043E000788239462846FCF7A5FD002864D125F0DF
:1043F000004948469A49FCF7A7FD0027D6F80C80EB
:1044000000285FD0D4F8506129463046FCF7F4FB11
:104410003946FCF78FFD00B13E4692492846FCF72D
:10442000EBFB3146FCF7E0FA8F490646FCF7A0FDAE
:10443000002840F0828030468C49FCF77BFD00B1BB
:104440008A4E4FF07C514846C4F85061FCF77CFD21
:10445000002839D0864928F00040FCF775FD98B354
:1044600094F858310133DBB2032B84F858312ED93C
:10447000002584F84A5184F8585102F027FD94F839
:104480006C31022B5BD1032384F86C31794B84F8B7
:1044900040511B68C4F87031012384F84931C823A6
:1044A000A4F83A31FFF7F4FD284614E128464146C6
:1044B000FCF798FA05468BE728464146FCF794FA44
:1044C00005468EE7C4F85071002384F85831D4F8BB
:1044D0005001694920F00040FCF78EFB6749044613
:1044E0004846FCF789FB01462046FCF77DFA644903
:1044F000044628F00040FCF77FFB01462046FCF70D
:1045000071FA4FF07E510446FCF714FD38BB20468B
:104510005C49FCF72DFD00B15A4C0021284604F1FE
:104520000046FCF71BFDE8B121463046FFF74CFD85
:104530000122554B1A60BDE8F8834B4E81E7534B7F
:1045400002205F609F60DF604F4B1D60FFF76CFDD6
:10455000294694F86101BDE8F84300F0B9BB4FF07B
:104560007E54DAE731462046E0E794F84B61002EAE
:1045700000F0BD80364FD4F84C013968FCF732FAB0
:104580000546344EDFF8D08031462846FCF7E6FC7D
:1045900000284FD1DFF8C480DFF8BC9041462846A0
:1045A000FCF7C8FC064600284AD1394925F00040EE
:1045B000FF68FCF7C9FC002874D184F8580135491C
:1045C0003846FCF719FB01462846FCF70BFA32493E
:1045D0000546FCF7AFFC002840F0818028462F49B3
:1045E000FCF7C6FC00B12D4DD4F854612946304685
:1045F000FCF7F8F9294604463046FCF7F5F90021A6
:1046000005462046FCF796FC00286AD1204624493E
:10461000FCF7AEFC00B1224C00212846FCF78AFCD6
:10462000002862D128461E49FCF7A2FC00285AD077
:104630001B4998E728464146FCF7D4F90546A3E70D
:1046400028464946FCF7D0F90546A7E74002002076
:1046500048050020000034430000B443000034C388
:104660000000A0400AD7A33C00007041000070C1C8
:1046700000002041D00B00209A99993E6666663F63
:10468000CDCC4C3E0000F0411C050020240500204C
:10469000CDCC4C3F8FC2753C0000A0C10000A041B2
:1046A0000000A042604927F00040FCF74DFC0028C4
:1046B00083D094F858310133DBB2042B84F858319D
:1046C0007FF67DAF84F84B6184F8586184F84061CF
:1046D000FFF7DEFC3046BDE8F843FFF7A5BC534DBD
:1046E00082E7002498E729463DE700213BE794F85C
:1046F0005A51002D52D04E4BD4F85C111868FCF77B
:1047000071F94C4D2860FFF7C3FC4B492868FCF752
:1047100025FC00283FF40FAF94F8603184F85A610B
:10472000012B4FF48073A4F84A314FF000030CBF03
:10473000424E434E84F8403184F85831414B314663
:104740001868FCF751F9C4F84C01B4F93A01FCF7C8
:10475000FFF93D49FCF750FA20F0004528463A4958
:10476000FCF7E8FB394F40B1FD68374925F00045BB
:104770002846FCF7DFFB00B1354D28463549FCF7EC
:10478000F7FB00B1334DC4F8545101253E6184F864
:10479000495102F09BFB304B1D6085E694F86C613B
:1047A00006F0FD03012B20D1214BD4F870111868BD
:1047B000FCF718F9264920F00040FCF7CFFB80B148
:1047C000012E08D1022384F86C316FF05900BDE846
:1047D000F843FFF733BC84F86C51BDE8F843FFF7AA
:1047E000A1BDBDE8F843FFF753BC94F84931002B55
:1047F0003FF4A1AEFFF74CFC94F86131042B7FF439
:104800009AAE0B4BD4F864111868FCF7EBF8D4F8A7
:10481000681120F00040FCF7A1FB00283FF48BAEAC
:10482000FFF780FD94E600BF0000A0410000A0C19A
:10483000D00B0020D4030020000096420000B442B8
:104840000000B4C248050020CDCCCC3D240500209A
:104850000000F0410000A0421C0500200023044A93
:10486000D362044AD362044A1360044A1360704757
:104870000C0C0020D80B0020D00B002024050020B9
:104880000C4B10B54FF4BA7204460021184603F0E1
:104890002CFFFF22046080F85921FFF7DFFFFFF7AC
:1048A00041FD0020FFF7C0FB2046BDE8104000F0AE
:1048B000FBB800BF4002002038B5034600252D4C50
:1048C0002D48012B84F86C5184F84B5184F85A51CF
:1048D00084F84851057084F8495112D14ABBC82266
:1048E000A4F83A21254A84F861311370244A1370E0
:1048F000012384F84931002384F84031FFF7C8FBD5
:1049000016E0981E012816D8012A12D10A78012A29
:104910000FD8022B08BF5A2084F861310B7818BFDA
:104920006FF05900012B04BF404200B2FFF786FB35
:104930000125284638BD042BFBD1022AF9D108886D
:10494000A8B184F861310F4B1B68C4F86431FCF7DF
:10495000FBF80D49FCF750F9C8230122A4F83A31BD
:10496000064BC4F868011A70054B1D70C0E7054678
:10497000DFE700BF40020020B6030020C90300208B
:10498000C8030020D00B0020CDCCCC3D0022094B29
:1049900010B51A70FCF7DCF80124074B1860074BC0
:1049A0001C70FCF721FF064BC3F8440183F8484113
:1049B00010BD00BFB6030020D0030020C8030020B4
:1049C000400200200022024B1A70FFF7ABBC00BF70
:1049D000B6030020024670B5014441F221054FF6AE
:1049E000FF70082412F8013B80EA032006B243005E
:1049F00098B2002E04F1FF33B8BF684013F0FF04F3
:104A0000F4D19142EDD170BD70B51F4C154694F8AC
:104A10000821072A09D994F80731013A013303F034
:104A2000070384F8073184F80821172294F8063127
:104A30005343C3224633E618E2543C2373700123E8
:104A4000F070B370357121B11DB12A46701D03F0AD
:104A5000F8FEE91CB01CC9B2FFF7BCFF2E44707110
:104A6000000AB07194F806310735E218013303F0FB
:104A7000070384F8063194F8083182F8FE500133B8
:104A800084F8083170BD00BFD803002007B5902816
:104A90008DF805208DF8041014BF0222012201A90F
:104AA000FFF7B2FF03B000BD054B10B54FF488729D
:104AB00004460021184603F018FE046010BD00BF34
:104AC000D80300202DE9F0410D46014600283CD0D6
:104AD000002D3AD0402D694C18D9403D002329447F
:104AE0004025A4F84430B4F844002A460430204459
:104AF00003F0A7FEB4F844301D44A4F84450B4F8C1
:104B00004430012B21D900225D490AE0B4F8443039
:104B10002B449BB2402B84BF0023A4F84430E2E72F
:104B2000024611F8010BC32802D108783C280ED0A8
:104B3000501C02329342F3D82344DB78C32B12BFBC
:104B4000002323710123A4F84430BDE8F08195B21D
:104B50005DB1111D4A489A1A214403F0ADFDB4F825
:104B600044305B1B9BB2A4F84430042BEDD994F87D
:104B70000680B8F1010F02D1257A102D08D94149DC
:104B80005A1E92B2481EA4F8442003F095FDB6E7E1
:104B9000EF1D9F42D9D83C48E91CFFF71BFF631962
:104BA0009A7A5B7A43EA022383420ED1E379102B8F
:104BB0001AD0112B4DD0012B07D135B92A462946E1
:104BC000812084F80931FFF71FFFB4F8442005F174
:104BD0000B012B48D21B214403F06EFDB4F8443086
:104BE000DB1BA4F844308AE7002DEED0667A052E50
:104BF0000FD1012D01D0022213E0FFF7E3FE2A4678
:104C00003146912084F8095184F80A61FFF73EFF8C
:104C1000DBE794F80931012B06D0022B0CBF42468A
:104C2000032231469220F1E76A1E30461749D2B27C
:104C3000FFF742FE0028DED0022384F80A6184F8E0
:104C40000931FCF7D1FD0022C4F80C013146902057
:104C5000DCE7D4F8083123F07F4323F0FF03B3F5FA
:104C6000813FB2D1022DB0D1B4F90900FFF78EFE19
:104C7000FCF7BAFDC4F80C01A7E700BFD803002079
:104C8000DC030020DD030020DE030020E20300201F
:104C900010B50E4CD4F8083123F07F4323F0FF0306
:104CA000B3F5813F11D1FCF79FFDD4F80C31C01A48
:104CB000C8280AD9FFF786FE012184F809110322CA
:104CC000BDE810409120FFF7E1BE10BDD8030020E1
:104CD000084B0A4693F80911022909D193F80A11E1
:104CE000814205D1012083F809019120FFF7CEBE52
:104CF000704700BFD803002010B5074C00212046A4
:104D0000FEF768FC04212046FEF764FC40F2DC520A
:104D100023685A639A6310BD0809002000230361C9
:104D20000023C0E90033C0E902334361704700004B
:104D3000384BF7B59842054624D1FFF717F901F033
:104D4000FFF9FFF731FB344B344C1B68344F002B19
:104D500045D06168334801F039FFA168E06132480D
:104D600002F008F8E1692062304801F005FB216A91
:104D70002F4801F001FB2F4B2F4A2D492B4800975C
:104D800001F04CFB2D4B9D4242D12D4D6B6963B11F
:104D90002C4AAB6814682A689A4229DD01336A6894
:104DA000AB60EB681344EB606363274C636963B1EA
:104DB000244AA368166822689A4221DD013362689A
:104DC000A360E3681344E360B3636B6962691343F0
:104DD0001ED11A4803B0BDE8F040FEF73BB90026EB
:104DE00012483146E661266201F0C6FA3146BFE755
:104DF0002869FCF7EDF860632846FFF78FFFD4E7DA
:104E00002069FCF7E5F8B0632046FFF787FFDCE791
:104E100003B0F0BD780800201C0500202405002008
:104E200020050020340C0020000C00200C0C002079
:104E3000D80B0020220500207C070020C00800209D
:104E40000005002008090020E8040020F8B5724B96
:104E500006461980714B0C46984241D10023704D93
:104E60003F2994BF6B5485F83F302B78A52B06D192
:104E70006C4AD5F801105160D5F805109160022CEC
:104E800040F286806A783A2A40F082806448FFF7D0
:104E900059F82B78A3F14102152A79D8DFE802F0FE
:104EA0000B46486E78784A78667878787878785DB6
:104EB0007878747878545C4B18605848FEF7B4FCE6
:104EC00040220021564803F010FC40225449534828
:104ED000FEF7BBFF554B1A68136823F004031360F9
:104EE000534B9E4240F08180002C00F092800023C2
:104EF000184619464F4E504F16F8015BA5F10902AE
:104F0000D2B2172A49D827FA02F2D20740F181809B
:104F1000013189B28C42EFD100287AD0313B042B89
:104F200077D8DFE803F0434D63666E00434BC3E779
:104F3000434BC1E74FF07C51FCF710F8003818BF25
:104F40000120404B1870B8E74FF07C51FCF706F891
:104F5000003818BF01203C4BF4E73C4B18603C4B39
:104F60001A683C4B196801F097FFA6E70146394BD8
:104F70001860374B1A68354B1868F4E7344B024613
:104F80001860344B1968F6E7264B5860986094E730
:104F9000012B92D101F09AFF8FE7002839D1A5F1BA
:104FA0003103042B35D82B460120B1E7FFF7BAF9BE
:104FB00001220721234B28481A70FFF7B1F901E0BD
:104FC000FFF7B0F91A48FEF72FFC8022002119489C
:104FD00003F08BFB802217491548FEF736FF1F4B65
:104FE0001A68136823F004031360F8BDFFF736FC5A
:104FF000E8E7FFF797F90122124B062118481A70CB
:10500000DBE7FFF78FF901220E4B062115481A70D6
:10501000D3E721460748D0E7B6060020E80A00207B
:1050200038070020240500201400002094090020E7
:10503000780B0020B806002013008000100000202C
:105040000C000020C9030020C8030020200000201D
:10505000180000201C00002010B40008A40A002042
:105060000AB4000804B400080A2008B5FCF7C2FB23
:1050700020211148FCF7FAFF60B96420FCF7BAFB65
:105080000E4A13680133136020210B48FCF7EEFF32
:105090000028F9D040210848FCF7E8FF50B9642007
:1050A000FCF7A8FBFFF73EF940210348FCF7DEFFC1
:1050B0000028F9D008BD00BF000801401C050020F1
:1050C00010B594B0142200210CA803F00EFB14229A
:1050D00000210DEB020003F008FB1022002101A8C3
:1050E00003F003FB02244FF480330122CDE9114386
:1050F000CDE90A234FF4E0130AA80E921393FCF7AC
:105100008BFB08B172B6FEE70F23CDE905344FF4EF
:1051100080630790CDE90830214605A8FCF73EFDE5
:1051200008B172B6FEE74FF4004301A8019403935F
:10513000FCF7F0FD08B172B6FEE714B010BD000038
:105140002DE9F04F89B0FCF731FBFFF7B9FF00F014
:10515000D9F900F02DFB00F04FFA00F0C3FA00F08F
:105160006FFB00F0A1FC00F013FD00F02DFD00F03E
:1051700047FD00F0F7FB00F0BFFBAD4801F0ABFCD2
:105180004FF4FF634FF480726C21A94801F0B1FC29
:1051900001F0C8F81420FCF72DFB01F04BFBA549EA
:1051A000A54801F075F9A548FCF76CFA0122A4495D
:1051B000A248FCF737F94022A2499E48FEF745FE77
:1051C000A14BA2491A68A2481368DFF888A223F00D
:1051D000040313608022FEF738FE9F4B1A681368A1
:1051E00023F004031360FFF787FD9948FFF748FB9E
:1051F0009A48FDF705FF9A4F9A4C3D68214628468C
:10520000FBF7ACFE002840F00581974E314628465A
:10521000FBF790FE0446002840F00281934B944E29
:105220001868FBF7F9F8804670688946FBF7F4F8D0
:10523000CDE904018F4BDFF840B21868FBF7ECF8BA
:10524000CDE902018D4B1868FBF7E6F84246DFF81E
:1052500030824B46CDE900018A498B4803F0C6F9FC
:10526000D8F82800FBF7D8F802460B46DFF81C9266
:10527000CDE90623D9F82800FBF7CEF8DDE90623AF
:10528000CDE900018249834803F0B0F9824B834A9B
:10529000B3F90030B2F900208149824803F0A6F941
:1052A000DBF80000FBF7B8F802460B467E487F4962
:1052B00003F09CF92846FBF7AFF802460B46B868A6
:1052C000CDE90623FBF7A8F8DDE90623CDE90001C7
:1052D0007749784803F08AF901F080FA21462046A0
:1052E000754B6C4A009401F0DDFB0C212046724B9B
:1052F000654A009401F0D6FB182120466E4B6A4A9D
:10530000009401F0CFFB242120466B4B694A0094A6
:1053100001F0C8FB684B634A30212046009401F03D
:10532000C1FB01F063FA0520FCF764FAFCF75CFAB4
:10533000624B1A68801A63282FD93E4D95F8412098
:10534000202A2AD15E4C3A6822605E4A1268626066
:105350005D4A1268A2605D4A1268E2605C4A1268A7
:1053600022615C4A126862615B4A1268A2617268DB
:10537000E261B2682262D9F828206262D8F8282057
:10538000A2624FF0FF42E262FCF72EFA4B4B302252
:10539000186021462846FEF70DFA4FF400514F4899
:1053A000FCF76FFE264B1888FBF7CEFB4C49FBF74A
:1053B000D7FC4C49FBF720FC4B49FBF71DFC4B4B42
:1053C000044618604A4B4FF07E501E683146FBF78A
:1053D00009FBDBF80010FBF70FFC314605462046C1
:1053E000FBF70AFC01462846FBF7FEFA4149CBF8D9
:1053F0000000FBF7A9FD40490246B8B10B68013334
:10540000642B0B607FF4F7AE012210213B48FCF7C0
:1054100033FEF0E628465146FBF7E4FA0546EDE692
:1054200028465146FBF7E0FA0546EFE60860ECE750
:10543000FC070020E80A0020300B0020CC070020E9
:10544000840700203807002094090020B8060020B7
:10545000780B00200000B443A40A00207808002044
:105460004805002000003443000034C32000002021
:1054700024050020180000207C0700201C000020CC
:10548000D80B0020F4B10008840600200C0C00208A
:1054900008B2000852060020200500202205002046
:1054A00014B2000820060020EE0500201EB20008FD
:1054B00027B20008BC05002018B400081805002019
:1054C0008C050020C4030020C0030020BC03002082
:1054D000D0030020CC030020B803002000100140BE
:1054E00000F07F45333353406666B64080070020A6
:1054F0002400002066663241780700200008014041
:1055000072B6FEE7102270B588B00DEB02000021E4
:1055100003F0EBF8334B4FF400519A69324842F0F4
:1055200010029A619A69012402F010020092009A16
:105530009A69002542F020029A619A69022602F0D7
:1055400020020192019A9A6942F004029A619A69D2
:1055500002F004020292029A9A6942F008029A61E9
:105560009B69012203F008030393039BFCF784FD6E
:10557000002290211D48FCF77FFD002201211C48DC
:10558000FCF77AFD4FF40053CDE90434032304A95A
:105590001548CDE90653FCF795FC902304A9134860
:1055A000CDE9043406950796FCF78CFC6022114B7C
:1055B00004A90E48CDE904230694FCF783FC04A952
:1055C0000B48CDE90444CDE90656FCF77BFC2A469E
:1055D0000F211720FCF7E4FE1720FCF711FF08B09D
:1055E00070BD00BF001002400010014000080140E3
:1055F000000C01400000211030B5124A124B85B05A
:105600000024012513604FF460231046CDE90144C6
:105610000394946015731475D36154601561FBF79E
:10562000B3FF08B1FFF76CFF0623064801A9CDE9D7
:1056300001450393FBF73CFE08B1FFF761FF05B09E
:1056400030BD00BFCC0700200024014030B5054626
:1056500087B01022002102A803F047F82A681D4BEA
:105660009A4234D103F56C439A691B4842F40072A4
:105670009A619A6902A902F400720092009A9A69EA
:10568000164C42F004029A619B69012203F0040364
:105690000193019B0323CDE90223FCF713FC802037
:1056A0004FF480720023C4E903024FF4806C20227F
:1056B0000B492046C4E90013C4E905C2A360E361B5
:1056C000FCF7F4FC08B1FFF71BFF2C62656207B022
:1056D00030BD00BF002401400008014088070020C1
:1056E0000800024008B50C490C4B04220B60002353
:1056F0004FF4A020C1E901234FF48012C1E9040254
:105700000846CB608B618B83FCF79CFE18B1BDE82B
:105710000840FFF7F5BE08BDFC070020006400400C
:1057200010B5044686B01022002102A802F0DDFF69
:1057300022681D4B9A4235D103F5D633DA691B48EE
:1057400042F00072DA61DA6902A902F00072009296
:10575000009A9A6942F004029A619B6903F004037B
:105760000193019B4FF400630293FCF7ABFB4FF4F2
:1057700080520223CDE9022303230C4802A905939A
:10578000FCF7A0FB00220D211420FCF709FE1420D9
:10579000FCF736FE152000220D21FCF701FE152036
:1057A000FCF72EFE06B010BD00640040000801406A
:1057B000224B07B55A690B2042F001025A610022C0
:1057C0005B69114603F001030193019BFCF7E8FDBF
:1057D0000B20FCF715FE00220C201146FCF7E0FD23
:1057E0000C20FCF70DFE00220D201146FCF7D8FD21
:1057F0000D20FCF705FE00220E201146FCF7D0FD1F
:105800000E20FCF7FDFD00220F201146FCF7C8FD1D
:105810000F20FCF7F5FD002210201146FCF7C0FD1B
:105820001020FCF7EDFD002211201146FCF7B8FD19
:10583000112003B05DF804EBFCF7E2BD001002405C
:1058400008B50C490C4B0D4A0B600023C1E901233C
:105850004FF480420846C1E90423C1E90633CB6016
:105860000B62FDF7D7F918B1BDE80840FFF748BE55
:1058700008BD00BF2408002000540040801A060024
:1058800010B5044686B01022002102A802F02DFFB8
:105890002268154B9A4224D1144C4FF44072A369EC
:1058A000134843F00803A361A36902A903F00803A6
:1058B0000093009B1223CDE9022303230593FCF7F9
:1058C00001FB0C4A536843F0E06343F0020353606A
:1058D000E36943F40013E361E36903F40013019304
:1058E000019B06B010BD00BF0054004000100240F4
:1058F000000C0140000001407FB51022002102A8E9
:1059000002F0F3FE1549164A00230A6040F2CF2246
:10591000C1E9012340F2E7320846CDE90033C1E98D
:1059200003238B61FDF77AFC08B1FFF7E9FD4FF423
:1059300080530A4802A90293FDF756FD08B1FFF70C
:10594000DFFD002369460548CDE90033FDF744FE3D
:1059500008B1FFF7D5FD07B000BD00BFC0080020AB
:10596000000400407FB51022002102A802F0BDFE15
:105970001449154A00230A608F22C1E9012342F22B
:105980000F720846CDE90033C1E903238B61FDF7AF
:1059900045FC08B1FFF7B4FD4FF48053094802A954
:1059A0000293FDF721FD08B1FFF7AAFD0023694628
:1059B0000448CDE90033FDF70FFE08B1FFF7A0FD65
:1059C00007B000BD78080020000800401FB503683C
:1059D0001D4A93420BD11D4B9A6942F400629A61B1
:1059E0009B6903F400630193019B05B000BD184A55
:1059F000934214D1154B1D20DA690C2142F00202AA
:105A0000DA61DB69002203F002030293029BFCF7D8
:105A1000C7FC1D2005B05DF804EBFCF7F1BC0D4A96
:105A20009342E2D1094B1E20DA690C2142F00402B4
:105A3000DA61DB69002203F004030393039BFCF7A4
:105A4000AFFC1E20E6E700BF002C01400010024022
:105A5000000400400008004010B5044686B0102243
:105A6000002102A802F041FE22680D4B9A4214D197
:105A700003F564439A690B4842F004029A619B69FA
:105A80004FF4407203F004030193019B022302A927
:105A9000CDE902230593FCF715FA06B010BD00BF4F
:105AA000002C01400008014010B596B010220021E2
:105AB00003A802F01AFE00241C2221460DEB02006E
:105AC000CDE9014402F011FE202221460EA802F089
:105AD0000CFE2D4A2D4B104613608F23C2E9013472
:105AE00042F20F73C2E90544C2E90334FDF796FBA5
:105AF00008B1FFF705FD4FF48053234803A9039332
:105B0000FDF772FC08B1FFF7FBFC1F48FDF7B2FB85
:105B100008B1FFF7F5FC00241B4801A9CDE90144B9
:105B2000FDF75AFD08B1FFF7EBFC60230022164891
:105B300007A9CDE90734CDE90944CDE90B440D941B
:105B4000FDF7F0FB08B1FFF7DBFC04220E4807A9C4
:105B5000FDF7E8FB08B1FFF7D3FC00234FF4005238
:105B600009480EA9CDE90E33CDE9103312931392F3
:105B70001593FDF75FFD08B1FFF7C2FC0248FFF780
:105B80006BFF16B010BD00BF08090020002C0140BB
:105B900008B50B490B4B4FF4E1320B600023C1E910
:105BA00001230C220846C1E90333C1E90523CB6177
:105BB000FDF7D0FD18B1BDE80840FFF7A1BC08BD56
:105BC000780B00200038014008B50B490B4B4FF40F
:105BD000E1320B600023C1E901230C220846C1E930
:105BE0000333C1E90523CB61FDF7B4FD18B1BDE86E
:105BF0000840FFF785BC08BD300B00200044004082
:105C000008B50B490B4B4FF4E1320B600023C1E99F
:105C100001230C220846C1E90333C1E90523CB6106
:105C2000FDF798FD18B1BDE80840FFF769BC08BD55
:105C3000E80A002000480040F0B504468BB010226E
:105C4000002106A802F051FD2368874A93425CD1E7
:105C5000864B40279A69002642F480429A619A69ED
:105C6000834802F480420092009A9A6906A942F0A1
:105C700008029A619B697F4D03F008030193019B21
:105C80000223CDE90673032380270993FCF71AF951
:105C9000774806A9CDE906760896FCF713F9764A07
:105CA0002846536843F0E06343F004035360734BAA
:105CB000C5E90267C5E90036C5E90466C5E90666B7
:105CC000FCF7F4F908B1FFF71BFC10236C4EE563F9
:105CD0006C626C4D8022C5E9006300232846C5E94B
:105CE0000232C5E90433C5E90633FCF7DFF908B130
:105CF000FFF706FC252000220E21A5636C62FCF74D
:105D00004FFB2520FCF77CFB51E05F4A934250D1CA
:105D1000564B0425DA695D4842F40032DA61DA69EB
:105D200006A902F400320292029A9A69002642F011
:105D300004029A619B6903F004030393039B02230B
:105D4000CDE9065303230993FCF7BCF808234F4819
:105D500006A94F4DCDE906360896FCF7B3F84D4B32
:105D60002846C5E900368023C5E903362023AE6006
:105D7000C5E906366E61FCF799F908B1FFF7C0FB7B
:105D800010234548E5636C62444D8022C5E9000359
:105D900000232846C5E90232C5E90433C5E90633C4
:105DA000FCF784F908B1FFF7ABFBA5636C620BB09D
:105DB000F0BD3B4A9342FAD12C4B4FF48061DA6933
:105DC0002B4842F48022DA61DA69002602F480224C
:105DD0000492049A9A69334D42F008029A619B69D1
:105DE00003F008030593059B0223CDE90613032363
:105DF00006A90993FCF766F84FF400631C4806A94E
:105E0000CDE906360896FCF75DF8274B2846C5E92C
:105E100000368023C5E90566C5E90336AE60EE614C
:105E2000FCF744F908B1FFF76BFB10231F4AE56349
:105E30006C621F4DC5E90023002380222846C5E976
:105E40000232C5E90433C5E90633FCF72FF908B17E
:105E5000FFF756FB272000220E21A5636C62FCF79A
:105E60009FFA27204EE700BF003801400010024093
:105E7000000C0140A40A002000000140580002402C
:105E800044000240600A0020004400400008014035
:105E90001C0A00206C00024080000240D80900204B
:105EA0000048004094090020300002401C000240DD
:105EB00050090020FEE7FEE7FEE7FEE7FEE7704739
:105EC00070477047FBF784BC0148FCF7C1B900BFBD
:105ED000880700200148FCF7BBB900BF500900202B
:105EE0000148FCF7B5B900BF940900200148FCF750
:105EF000AFB900BF600A00200148FCF7A9B900BF94
:105F0000A40A00200148FCF7A3B900BF1C0A002026
:105F10000148FCF79DB900BFD80900200148FCF7F3
:105F200078BC00BFFC070020FFF7F8BF08B52020B1
:105F3000FCF7B0F8BDE808404020FCF7ABB8000023
:105F40000148FDF7A4B800BFC00800200148FDF7D4
:105F50009EB800BF780800200148FDF7CFBD00BF04
:105F6000780B00200148FDF7C9BD00BFE80A0020FA
:105F70000E4B82B09A6942F001029A619A6902F06E
:105F800001020092009ADA6942F08052DA61DB691C
:105F9000074A03F080530193019B536823F0E063A9
:105FA00043F00073536002B0704700BF001002401E
:105FB000000001400A4A0346106810B508B90948B4
:105FC00010600949094C0344091B8B4206D902F0B1
:105FD000FDFB0C2303604FF0FF3010BD1360FCE7A6
:105FE000C00B0020B013002000500020000400006F
:105FF0000120704708B502F0E9FB162303604FF05B
:10600000FF3008BD08B502F0E1FB16230360FEE790
:1060100070B50D4614460E46731B9C4201DC2046AB
:1060200070BDAFF3008006F8010BF5E770B50D46C3
:1060300014460E46731B9C4201DC204670BD16F8C8
:10604000010BAFF30080F5E74FF0FF3070474FF4DE
:10605000005300204B6070470120704700207047BC
:10606000FBF7E8F80B480C490C4A002302E0D4582F
:10607000C4500433C4188C42F9D3094A094C002394
:1060800001E013600432A242FBD302F0A5FBFFF74C
:1060900057F870470000002008020020FCBA0008F2
:1060A00008020020AC130020FEE700000000000002
:1060B00010B5FAF7B1F90CA3D3E90023FAF704FA03
:1060C00000220B4BFAF72AFBFAF738FC0949FAF7DA
:1060D00093FD0949044620F00040FAF72BFF00B178
:1060E0000024204610BD00BFF1D4C853FB21094055
:1060F00000806640350CBC3C0AD7233C38B50C4DBB
:106100000C4C2A4623460121FCF7FBFA40F201120F
:106110002B68934203D0B3F5817F06D038BD064B80
:1061200022681A60A2889A80F8E7044BF8E700BF5B
:106130002C120020231200200C0C0020D80B002071
:106140002DE9F0416C4C2068FAF754F900226B4BB2
:10615000FAF7E4FA00226A4BFAF7B6F960A3D3E93A
:106160000023FAF7DBFAFAF7E9FB2061B4F904003F
:10617000FAF740F95CA3D3E90023FAF7CFFA00223B
:106180005F4BFAF7A1F956A3D3E90023FAF7C6FA51
:10619000FAF7D4FB5B490546A060E068FAF72CFDEE
:1061A000594906462846FAF727FD01463046FAF7D0
:1061B0001BFC5649E060FAF7D3FDFAF72DF948A326
:1061C000D3E90023FAF780F949A3D3E90023FAF7CA
:1061D0007BF9FAF7B3FB4E49064620F00040FAF788
:1061E000A9FE00B100264B49A6623046FAF704FD2D
:1061F000E16AFAF7F9FBE062474C07462068FAF7D4
:10620000F9F800223D4BFAF789FA00223C4BFAF7E5
:106210005BF933A3D3E90023FAF780FAFAF78EFB90
:106220002061B4F90400FAF7E5F82FA3D3E90023BD
:10623000FAF774FA0022324BFAF746F928A3D3E9A9
:106240000023FAF76BFAFAF779FB2E490546A060AE
:10625000E068FAF7D1FC2C4980462846FAF7CCFCD6
:1062600001464046FAF7C0FB2849E060FAF778FD9E
:10627000FAF7D2F81AA3D3E90023FAF725F91CA3F9
:10628000D3E90023FAF720F9FAF758FB204905462D
:1062900020F00040FAF74EFE00B100251D492846C7
:1062A000A562FAF7A9FCE16AFAF79EFB314680463F
:1062B000E0622846FAF798FB4FF07C51FAF79CFC15
:1062C000164B414618603846FAF78EFB4FF07C516A
:1062D000FAF792FC124B1860BDE8F081AFF3008032
:1062E000F1D4C853FB2109400000000000C0574012
:1062F00000000040333303400C0C002000408F406E
:10630000008066409A99193FCDCCCC3E00003443C2
:10631000CDCCCC3D0AD7A33CD80B0020D40B002019
:10632000D00B00200023002130B50E4A0E4D0F4C3B
:106330000F48D362936093611361936291801160FF
:106340005361D561546210630A4AD36293609361CA
:1063500013619362918011605361D561546210633F
:1063600030BD00BF0C0C0020CDCCDC40CDE9323C70
:10637000B1600008D80B00200162704770B5096851
:1063800006462048FAF72EFB1F49FAF7E9FC1F4999
:10639000FAF72AFB716A0446306AFAF7E1FC014613
:1063A0002046FAF729FC336B0446B068984701464B
:1063B0002046FAF719FB356A044615492846FAF7CC
:1063C000D7FDA0B120461349FAF70EFB0446F56944
:1063D00021462846FAF7AEFD38B905F100452146B9
:1063E0002846FAF7C5FD00B92546B56170BD2846B7
:1063F0000949FAF79FFD0028E9D020460549FAF738
:10640000F1FAE3E700004041000020413333333F1D
:106410006F12833ACDCCCC3D6F1283BA2DE9F04197
:1064200014460D46074611461E46DDF81880FFF754
:10643000A5FF21462846FFF7A1FFB8690F49FAF7E3
:10644000DBFBFAF79FFD0E4B04B21C80A8690B49D9
:10645000FAF7D2FBFAF796FD0A4A00B20A4B3480EB
:10646000A8F800005080148018804FF48071BDE8B7
:10647000F0410423054800F059BB00BF00007A44F6
:10648000CE0B0020C40B0020CC0B0020FC0700200A
:10649000044B4FF480721860034B19600349FDF7F9
:1064A000C3BC00BF9C0C0020980C0020A00C002056
:1064B0002DE9F74F72B6B04BDFF8C0821B68D8F8F1
:1064C0000020DB6B1B685D68C5F58075AA428ABF3A
:1064D000C2F58072A81A501962B6002845D0D8F8C3
:1064E0000060A74B32180192002293461046B3F881
:1064F00000E0A44BDFF890A21F78A44B9AF800109C
:106500001B78A34C0EF1010E1FFA8EFEBEF1640F34
:1065100000F29A80DFF87C925FFA86FC012B19F872
:106520000CC027D0022B39D06BB9BCF1550F0AD162
:10653000974A4B1C02F801C00122D9B29346134678
:1065400067464FF0000EDDF804C001366645D9D12C
:106550008B4CA4F800E00AB18C4A1370BBF1000F19
:1065600003D0884B8AF800101F70C8F8005003B0A1
:10657000BDE8F08FACF15102032A03D9BCF1590FE9
:1065800040F0F480824A4B1C02F801C0D9B20122CB
:1065900002236744FFB24FF0010BD4E701F1010B76
:1065A0005FFA8BFBBBF10A0F04F801C00DD9A37A87
:1065B000BB4249D16378513B082B44D8DFE803F054
:1065C0000A4A709643434343B000BC4459465FFABD
:1065D0008CF7E0E7B4F90200FAF7BAFA4FF060512D
:1065E000FAF70AFB4FF08341FAF706FB6A49FAF71C
:1065F00003FB6A4F3860B4F90400FAF7A9FA4FF0C8
:106600006051FAF7F9FA4FF08341FAF7F5FA624967
:10661000FAF7F2FA7860B4F90600FAF799FA4FF04F
:106620006051FAF7E9FA4FF08341FAF7E5FA5A496F
:10663000FAF7E2FAB860B4F90800FAF789FA5849AB
:10664000FAF78EFB38640120002301221946934695
:106650001F4676E7B4F90200FAF77AFA4FF0605174
:10666000FAF7CAFA4F49FAF7C7FA4C4FF860B4F98B
:106670000400FAF76DFA4FF06051FAF7BDFA494994
:10668000FAF7BAFA3861B4F90600FAF761FA4FF08E
:106690006051FAF7B1FA4349FAF7AEFA7861D2E7F6
:1066A000B4F90200FAF754FA4FF06051FAF7A4FA7D
:1066B0003D49FAF7A1FA394FB861B4F90400FAF785
:1066C00047FA4FF06051FAF797FA3749FAF794FA18
:1066D000F861B4F90600FAF73BFA4FF06051FAF7A7
:1066E0008BFA3149FAF788FA3862ACE7B4F902005C
:1066F000FAF72EFA2D49FAF733FB284F7862B4F9EE
:106700000400FAF725FA2949FAF72AFBB862B4F926
:106710000600FAF71DFA2549FAF722FBF86292E71C
:10672000B4F90200FAF714FA4FF06051FAF764FA7C
:106730001A4F3863B4F90400FAF70AFA4FF06051BF
:10674000FAF75AFA7863B4F90600FAF701FA4FF04B
:106750006051FAF751FAB863B4F90800FAF7F8F99A
:106760004FF06051FAF748FAF8636CE71A460023D5
:10677000934619461F46E6E69C0C0020500C00206C
:106780004E0C00204D0C00204C0C00204B0C002027
:10679000400C0020A00C00200AE81C41540C0020F2
:1067A0000000C8420000FA440000344300001643D1
:1067B00007B50B464FF0FF310246009102487821A1
:1067C000FCF7D0FA03B000BD24080020024B0221E0
:1067D00058701846FFF7ECBF210E00204FF480627E
:1067E0000021014801F081BF230E0020402370B535
:1067F000B0240E4E0E4D06F8013B2046FFF7E6FF93
:106800000020FFF7E3FF1020FFF7E0FF01342946E7
:106810008022304602F015F8E4B281210348FFF7E8
:10682000C7FFB82C05F18005E7D170BDA00D002091
:10683000230E002008B5AE20FFF7C8FF2020FFF789
:10684000C5FF1020FFF7C2FFB020FFF7BFFFC82031
:10685000FFF7BCFF0020FFF7B9FF1020FFF7B6FFDE
:106860004020FFF7B3FF8120FFF7B0FFDF20FFF7E5
:10687000ADFFA120FFF7AAFFA620FFF7A7FFA820E2
:10688000FFF7A4FF3F20FFF7A1FFA420FFF79EFF23
:10689000D320FFF79BFF0020FFF798FFD520FFF7DD
:1068A00095FFF020FFF792FFD920FFF78FFF2220FE
:1068B000FFF78CFFDA20FFF789FF1220FFF786FF32
:1068C000DB20FFF783FF2020FFF780FF8D20FFF7FD
:1068D0007DFF1420FFF77AFFFFF780FFFFF786FFA9
:1068E000BDE80840AF20FFF771BF0000072870B572
:1068F00023D80C0621D49DF81450FF24003D18BF66
:1069000001259DF810606D426A400136C3F108050B
:106910000A4B04FA06F603EBC01076B244FA05F30C
:1069200052B2445C3343134323406FF0FF042C41C5
:1069300024EA060422401343435470BD230E002072
:106940002DE9F34101F007071C469DF820803B44E8
:106950001546082B02FA07F24FEAD106D2B2CDF85B
:10696000048018DD07230146009330463B46FFF7BD
:10697000BDFFC7F1080345FA03F20023093C3C447C
:10698000E4B2CDF804800094D2B2701CFFF7AEFFE1
:1069900002B0BDE8F081013C3C44E4B201463B4614
:1069A00030460094F2E7F7B51E460193072301F045
:1069B0000704CF081546A2400146009338462346F7
:1069C000D2B2FFF793FF64B1C4F10803013C45FA6A
:1069D00003F2E4B2002301960094D2B2781CFFF7D0
:1069E00085FF03B0F0BD2DE9F04F05460E469046F9
:1069F000002489B09DF848709946FB08049307F07D
:106A00000703039307F0F8030B44DBB29DF84CB087
:106A100005934C4516D02819314608EB040AC0B23C
:106A20000BE09AF800205B46CDE90601FFF7BBFFBB
:106A3000079906980831CA44C9B2059B9942F0D11A
:106A40000134E6E7039B5BB1049B27F00707634330
:106A50003E449BB22C449844E4B2F6B2A54202D123
:106A600009B0BDE8F08F284618F8012B3146039B8A
:106A7000CDF800B00135FFF763FFEDB2EEE7F7B5F3
:106A80001D461E785B78F41DE4105C436D689DF82C
:106A90002070203A02FB0452CDE90067FFF7A3FF04
:106AA00003B0F0BD2DE9F34104460F461E469DF8A4
:106AB0002080551E15F8012F12B902B0BDE8F081F3
:106AC000334620463946CDF80080FFF7D8FF73786B
:106AD0002344DCB2EEE710B50446FBF79EFD2368C5
:106AE0005A6942F002025A615A6942F010025A6130
:106AF00010BD10B511F003048AB015D15B019BB233
:106B0000CDE90234CB08CDE905340123CDE90733C3
:106B10000E23C1F38001520192B204916946CDE97E
:106B200000240993FBF709FD0AB010BD00B589B038
:106B300002910021CDE90513CDE9031101AB02A9B2
:106B4000FBF796FD09B000BD38B50468002120466A
:106B5000FAF7E6F900282FD118492046FAF74CF841
:106B60002146FAF749F82146FAF746F8144905464E
:106B70002046FAF741F82146FAF73EF80146284642
:106B8000F9F732FF0F4905462046FAF735F8014676
:106B90002846F9F729FF0C49F9F726FF0021054699
:106BA0002046FAF7E5F920B12846FAF7EBF900B2EA
:106BB00038BD05F10040F8E70020F9E7D044583B24
:106BC000948745BEE10BF34000004844F7B5054605
:106BD000019121F000400C464FF07E51FAF7AAF9DE
:106BE000364F374E20B100203860306003B0F0BD22
:106BF00029682046F9F7F6FE3249054620F00040A4
:106C0000FAF798F9002850D12B462F4A2F491360E4
:106C10002846F9F7F1FF3968F9F7E6FE2C490446F2
:106C2000FAF7A6F9002843D120462A49FAF782F953
:106C300000B1284C31683C602846F9F7D3FE23495F
:106C4000FAF78EF8244B2146074635601868F9F7A5
:106C5000D3FF224B044619682846F9F7CDFF0146B9
:106C60002046F9F7C1FE1E4B044619683846F9F76D
:106C7000C3FF01462046F9F7B7FE044601A8FFF717
:106C800063FFF9F765FF2146F9F7AEFE15490446A3
:106C9000FAF76EF980B920461349FAF74BF948B173
:106CA00011481249F9F7A8FFA0E700231D46ACE7F9
:106CB000074CBFE72046F4E70A48F2E754120020E9
:106CC00058120020CDCC4C3E5C1200200AD7A33CC9
:106CD00000007A4400007AC4380000203C00002004
:106CE0003400002000401C4600401CC6ACC52737BD
:106CF00038B5046800212046FAF712F900282FD190
:106D000018492046F9F778FF2146F9F775FF214623
:106D1000F9F772FF144905462046F9F76DFF214641
:106D2000F9F76AFF01462846F9F75EFE0F49054666
:106D30002046F9F761FF01462846F9F755FE0C4950
:106D4000F9F752FE002105462046FAF711F920B165
:106D50002846FAF717F900B238BD05F10040F8E708
:106D60000020F9E7D044583B948745BEE10BF3403F
:106D700000004844F7B50546019121F000400C465B
:106D80004FF07E51FAF7D6F8364F374E20B100203B
:106D90003860306003B0F0BD29682046F9F722FE64
:106DA0003249054620F00040FAF7C4F8002850D1D7
:106DB0002B462F4A2F4913602846F9F71DFF3968E3
:106DC000F9F712FE2C490446FAF7D2F8002843D10D
:106DD00020462A49FAF7AEF800B1284C31683C60E9
:106DE0002846F9F7FFFD2349F9F7BAFF244B21465E
:106DF000074635601868F9F7FFFE224B044619680C
:106E00002846F9F7F9FE01462046F9F7EDFD1E4B3D
:106E1000044619683846F9F7EFFE01462046F9F7AF
:106E2000E3FD044601A8FFF763FFF9F791FE214651
:106E3000F9F7DAFD15490446FAF79AF880B92046C1
:106E40001349FAF777F848B111481249F9F7D4FE17
:106E5000A0E700231D46ACE7074CBFE72046F4E758
:106E60000A48F2E7481200204C120020CDCC4C3EDC
:106E7000501200200AD7A33C00007A4400007AC4D4
:106E80002C000020300000202800002000401C467C
:106E900000401CC6ACC52737064B1860064B19606E
:106EA000064B1A60064B1860064B1960064B1A60B9
:106EB000704700BF3C000020380000203400002054
:106EC000300000202C000020280000200023064A6B
:106ED0001360064A1360064A1360064A1360064AA6
:106EE0001360064A136070475C120020581200209D
:106EF00054120020501200204C1200204812002092
:106F00002DE9F0410F46904603F0E6FA04460D469F
:106F1000B8F1000F11D0C7F30A53C3F16B03002B74
:106F20000BDD00241B0503F17F5505F540152246B6
:106F30002B46F9F7C9FA04460D4620462946BDE816
:106F4000F0810000000000002DE9F04F9DB0159287
:106F500000220E464FF000084FF0000904901892EE
:106F600017910A780D462B2A01F101011DD00BD88B
:106F70000D2A06D8082AF3D87AB100239A460B9333
:106F800081E0202AECD0F8E72D2A10D10122691CDB
:106F900017910B926A78002A35D1159B1796002B12
:106FA00040F08B85404649462AE00022EFE7002169
:106FB0000B91302A40F099806A7802F0DF02582A5B
:106FC00058D102930B9B814A019318AB009304980C
:106FD00019AB17A902F06EFB10F00F06044605D09E
:106FE000062E12D10023013517950B93159B002B0C
:106FF00040F065850B9B002BD4D0404609F1004141
:107000001DB0BDE8F08F0D46D3E7189A3AB135218F
:107010001AA803F051FB1899049802F025FF013ECD
:10702000042E06D8DFE806F014031E211400DDE963
:107030001A89E00548BF49F0004929F000431B0DBB
:107040001B05002BD2D101F0C1FB22230360CDE749
:10705000199ADDE91A8302F2334223F4801343EADA
:107060000259E6E7DFF86891E3E76FF000494FF077
:10707000FF38DEE7013517952B78302BFAD0002B3F
:10708000B4D04FF0010A00272B46BB460A210E97C9
:10709000184613F8014BA4F13002092A28D901221D
:1070A0004C4901F037FB002833D0002022465C46D3
:1070B000CDE90600652A01D0452A14D124B95AEA3F
:1070C00000033FF46AAF0024179E731C1793727875
:1070D0002B2A72D02D2A76D04FF0000CA2F130036B
:1070E000092B7DD9179600239FE04FF0000ACAE7CD
:1070F000BBF1080FD7BF0E9A01FB074201FB02420A
:10710000303AD4BF0E92A2F130070BF1010B179366
:10711000BEE7179B5A1C17925A78BBF1000F33D069
:107120005C460690A2F13003092B12D90123079384
:10713000C0E7179B01305A1C17925A78302AF8D0B2
:10714000A2F13103082B00F2BF8406900020044610
:10715000179D303A00F1010310D0069920441944DC
:107160000A230691A04211D1082800F1010419DC7C
:107170000A230E9903FB01230E930023179A184646
:10718000511C17915278CDE75846D7E7082C04F1E7
:10719000010403DC0E9959430E91E3E7102CD8BF8C
:1071A0005F43DFE70F28DCBF0A2303FB0727E4E781
:1071B00000210123CDE9061381E74FF0000CB31C39
:1071C0001793B2788AE74FF0010CF8E7A8B80008E7
:1071D0000000F07F33B20008179B5A1C17925A78B0
:1071E000302AF9D0A2F13103082B3FF67CAF179B70
:1071F000A2F1300E194605930B46013317931A7806
:107200001946A2F13003092B3CD9059BCB1A082B58
:1072100044F61F633CDC9E45A8BF9E46CDF814E0B3
:10722000BCF1000F02D0059B5B420593002C50D1AE
:107230005AEA00007FF4DAAE079B002B7FF4ADAE74
:10724000692A29D026DC492A26D04E2A7FF4A5AE09
:107250009F4917A802F050FC00283FF49EAE179BF0
:107260001B78282B2FD19B491AAA17A802F058FC8B
:10727000052828D11B9BDDF8688043F0FF4949F4BD
:10728000E009B3E60A2303FB0E22A2F1300EB3E7B6
:107290000593C5E76E2AD9E78F4917A802F02CFCA1
:1072A00000283FF47AAE179B8C49013B17A817932F
:1072B00002F022FC10B9179B013317934FF000081E
:1072C000DFF81C9292E6874801F0CAFA80468946A8
:1072D0008CE6DDE90532BBF1000F08BFA3469B1A1F
:1072E000102C0E98A2460A93A8BF4FF0100AF9F787
:1072F00071F8092C8046894611DC0A9B002B3FF46B
:1073000075AE0A9B71DD162B58DC7749424601EBBE
:10731000C3014B46D1E90001F9F7D6F8D6E7724B25
:1073200003EBCA0353E91223F9F7CEF88046384637
:107330008946F9F74FF802460B4640464946F8F7AA
:107340000DFF0F2C80468946D7DD0A9BA4EB0A0A65
:107350009A44BAF1000F40F397802AF00F061AF012
:107360000F0A51D1B6F59A7F5EDC002340464946AC
:107370001F46DFF878A13611012E79D10BB1804676
:1073800089465A49A9F1547901EBC7014246D1E92E
:1073900000014B46F9F798F8514B0A460B40544907
:1073A00080468B4240D8A1F580118B4286BF4FF0BA
:1073B000FF38DFF8409102F1547932E00A9AC4F1C3
:1073C00025039342C1DB484DC4F10F0405EBC40112
:1073D0004246D1E900014B46F9F776F80A9B1C1B9F
:1073E00005EBC405D5E9002396E71633ADDBDDE9EF
:1073F00005239A1A3C4B404603EBC2034946D3E9A6
:107400000023F9F78BF961E73749424601EBCA01DE
:107410004B46D1E90001F9F757F880468946002E1E
:10742000A0D1002307939FE0002405940E940694B6
:1074300022234FF00008049ADFF8A49013600E9BFB
:10744000002B3FF4D3AD1899049802F00DFD069976
:10745000049802F009FDDDE9040102F005FD0E9932
:10746000049802F001FD2146049802F0FDFCBDE500
:10747000F20704D5DAE90023F9F726F801230137EA
:1074800076100AF1080A77E7CBD0CAF1000A4FEA72
:107490002A161AF00F0A0DD11F2E2DDD0024059497
:1074A0000E9406942223049A4FF000084FF000092E
:1074B0001360C4E70C4B404603EBCA034946D3E9CB
:1074C0000023F9F72BF980468946002EA9D0E3E77F
:1074D00042B2000894B800083AB2000874B200083A
:1074E0000000F07F03B4000820B90008F8B80008D5
:1074F0000000A07CFFFFEF7F16F0100318BF6A2387
:107500004046079349460023764FF20704D5D7E952
:107510000023F8F7D9FF0123761007F10807F4D10B
:107520000BB180468946079BB3B1C9F30A52C2F139
:107530006B03002B49460FDD1F2B59DD342BD8BFC1
:107540004FF0FF334FF00008CFBF4FF05C79C2F12E
:107550004B02934003EA01090022002340464946BA
:10756000F9F7B4FD002899D10E9B5A46009329469D
:107570002346049802F0E0FC0E9000283FF454AF3C
:10758000DDE905239B1A0A9A0024002AA8BF0023DC
:10759000129322EAE273149305940E9B049859689F
:1075A00002F024FC069000283FF442AF0E9B0C3002
:1075B0001A6903F10C010232920001F042F91AAB90
:1075C000019319AB009342464B460498CDE90C89D0
:1075D00002F0EAFF189000283FF42AAF0121049836
:1075E00002F040FD0346059048B9002305931FE7CC
:1075F0004FF0FF3202FA03F303EA0808ACE7199DE3
:107600001A9A002DABBF129B149BEF185E1B079BB1
:10761000A8BF149EA5EB03051544334B05F1FF35B8
:10762000B8BF129F9D42C2F136024FDA5B1B1F2B7F
:107630004FF00101A2EB03023CDC4FF0000B01FA1A
:1076400003FABD18079BAF4216441E443B46A8BF31
:107650002B46B342A8BF3346002BC2BFED1AF61A21
:10766000FF1A129B002B16DDDDE904011A4602F019
:10767000B7FD05900028B8D00146189A049802F08A
:1076800007FD0F9000283FF4D3AE1899049802F03C
:10769000EBFB0F9B1893002D1BDC0A9B002B25DDB9
:1076A000149A0699049802F09BFD0690F0B9002305
:1076B0000693BDE6C5F17F4505F57F0505F57B45DC
:1076C000E23501FA05FB4FF0010ABAE74FF0000B73
:1076D000F9E72A461899049802F0DEFD1890002870
:1076E000DBD1A5E6C0B8000802FCFFFF002E07DDD5
:1076F00032460699049802F0CFFD06900028D6D0B5
:10770000002F08DDDDE904013A4602F0C5FD0590D1
:1077100000283FF48DAE069A1899049802F044FEB2
:10772000044600283FF484AEC36805990F930023F4
:10773000C36002F01DFE00283CDA0F9B53EA0803E9
:107740005ED1C9F313034D46002B59D129F00043F4
:107750001B0D1B05B3F1D66F52D9636913B92369A9
:10776000012B4DDD21460122049802F095FD05997B
:10777000044602F0FDFD002842DDA74B079A2B408E
:10778000002A5FD0B3F1D66F5CD8B3F15C7F7FF68F
:1077900089AE40464946A14B0022F8F795FE9E4B24
:1077A00080460B408946002B7FF44DAE2223049A7D
:1077B000136048E64D4662D10F9AC9F3130342B3F2
:1077C000974A934228D1079B4146EBB1924B4FF029
:1077D000FF322B40B3F1D46F19D81B0DC3F16B03EB
:1077E00002FA03F3994217D18E4B9D4202D1013127
:1077F0003FF41EAE4FF00008874B2B4003F5801975
:10780000079B002BC5D11EE64FF0FF33EAE7134676
:10781000E8E753EA0803B0D0BBF1000F1BD01BEA26
:10782000050FEDD00F9B40464946079AB3B1FFF7CD
:1078300067FB02460B46DDE90C01F8F78FFC80463A
:107840008946DDE7A3F580136FEA13594FF0FF383F
:107850006FEA0959D4E71AEA080FE2E7FFF750FB8D
:1078600002460B46DDE90C01F8F776FC0022002306
:1078700080468946F9F72AFC0028C1D012E6204646
:10788000059902F0E9FE00224FF0804306460F46BC
:10789000F9F730FC00286ED00F9B002B79D1B8F19E
:1078A000000F54D1C9F31303002B56D100223046E8
:1078B00039465D4BF9F714FC002857D100223046B9
:1078C00039465A4BF8F700FE82468B460BF10043CF
:1078D000CDF820A00993504B4F4A2B401393544BA3
:1078E0002A409A42DDE9086740F0A880A5F1547962
:1078F0004046494602F0F0FDDDE90823F8F7E4FDD3
:1079000042464B46F8F72AFC434D4A4A0D40954201
:10791000804645D90D9A434B9A4203D10C9B0133C3
:107920003FF486AD4FF0FF38DFF8F89018990498CF
:1079300002F09AFA0699049802F096FADDE9040139
:1079400002F092FA2146049802F08EFA25E6B8F188
:10795000010F02D1002D3FF4A5AD0022364B4FF0B0
:10796000000ACDE90823DFF8C0B0B4E74FF0000A01
:10797000DFF8B8B0AAE72D4B002230463946F8F7B9
:10798000A3FD0F9B82468B46002B9FD0CDE908AB11
:10799000A1E70022244B92469B46CDE908239AE7B3
:1079A00001F15479079B002BC0D129F00043139AB1
:1079B0001B0D1B059A42B9D150465946F9F704FCF4
:1079C000F8F754FD02460B4650465946F8F7C4FBFB
:1079D0000F9AC9F3130343EA0803134306460F46FD
:1079E00065D009A3D3E90023F9F77AFB00287FF4D7
:1079F0002AAD07A3D3E9002330463946F9F78EFBB9
:107A0000002893D01FE500BF9535A094FFFFDF3F0E
:107A100035E5AF350000E03F0000F07F0000503951
:107A2000FFFF0F00FFFFEF7F0000F03F0000E03F8F
:107A30000000E07FFFFF9F7C0000F0BF079B13B3B7
:107A4000139BB3F1D46F1ED825A3D3E9002350466E
:107A50005946F9F74FFB90B159465046F9F77EFB6E
:107A6000012838BF0120F8F7B5FC0F9B82468B46F2
:107A7000D3B901F1004310901193DDE91067139A17
:107A800007F1D6639F1ADDE90C0102F025FD0246DD
:107A90000B4630463946F8F717FDDDE90C23F8F7B9
:107AA0005DFB804689467DE7CDE910ABE5E70EA397
:107AB000D3E90023F9F714FBA2E700230B93179BEC
:107AC000159A1360FFF796BA652A3FF471AB452A01
:107AD0003FF46EAB01230793FFF7AABBAFF300801F
:107AE0000000C0FFFFFFDF419535A094FFFFCF3FAF
:107AF0002DE9F843244D0A46244B01462868FFF738
:107B000023FA02460B4606460F46F9F711FB68B109
:107B1000002F1F4806DA00F0A9FE00F100442046BD
:107B2000BDE8F883BDE8F84300F0A0BE3946304612
:107B3000F8F704FF20F00048044616494046F9F7DC
:107B40002DFBB0B940461349F9F7FEF988B927F083
:107B500000494FF0FF32304649460F4BF9F7E8FA3B
:107B600070B94FF0FF32304649460B4BF9F7C2FA75
:107B700030B914F0FF4FD2D1084B3B40002BCED090
:107B800022222B681A60CAE7B80100204C000020AE
:107B900003B40008FFFF7F7FFFFFEF7F0000F07F4F
:107BA000002B2DE9F0471D46BBBF03F100431D46E6
:107BB00000232D2388B01446B8BF1446129A109E95
:107BC0001370149BDDF84CA023F02008B8F1460F89
:107BD00005D0B8F1450F00D10136022300E00323A0
:107BE00007AA049206AACDE902A2CDE900362246F0
:107BF0002B4600F0C9FEB8F1470F074619D1119B7B
:107C0000DB070ED500EB060900220023204629469B
:107C1000F9F75CFA08B1CDF81C903022079B4B4570
:107C20001ED33846079B159ADB1B136008B0BDE8CE
:107C3000F087B8F1460F00EB0609E5D10378302B49
:107C40000AD10022002320462946F9F73FFA18B945
:107C5000C6F10106CAF80060DAF800309944D3E7AB
:107C6000591C07911A70D9E7F7B50029B6BF2D2323
:107C70002B23494209290270437029DD0DF10704C5
:107C800025460A27B1FBF7F6224607FB16133033C9
:107C900002F8013C0B46632B314604F1FF34F1DC62
:107CA0003031931E04F8011C1C46411CAB420AD320
:107CB0000DF109039B1AA54238BF0023821C13440F
:107CC000181A03B0F0BD13F8016B01F8016FEDE76E
:107CD000302330318370C170031DF1E72DE9F04F7F
:107CE00091B00C46DDF8688016461F46054600F048
:107CF00023FD036818460A93F9F78AF900230E93C7
:107D0000D8F8003094F818A0073323F00703F3E8FD
:107D10000212D4F800B0CDE90812C8F800301346BA
:107D20000A46C4E91223DDE9088323F000490B90D9
:107D30004FF0FF32404649469B4BF9F7F9F970BBCB
:107D40004FF0FF3240464946974BF9F7D3F930BB25
:107D5000DDE9080100220023F9F7C2F910B12D2353
:107D600084F84330914A924BBAF1470F8CBF90464A
:107D7000984603234FF0000923612BF0040323608E
:107D800033462146284600970FAA00F0D3F9013068
:107D900040F08F804FF0FF3011B0BDE8F08FDDE98B
:107DA000082310461946F9F7C3F940B1099B814AE7
:107DB000002BBCBF2D2384F843307F4BD4E763688E
:107DC0000AF0DF095A1C3ED10623636000224BF4FF
:107DD0008063236006920EAACDE904A20DAA039245
:107DE0000DF13302CDE90132636828460093DDE9E5
:107DF0000823FFF7D5FEB9F1470F80460D9929D129
:107E0000C81C02DB63688B4241DAAAF1020A5FFAFE
:107E10008AFA5246013904F150000D91FFF724FF10
:107E20000E9A81461318012A236102DC2268D207C8
:107E300001D5013323619DF83330002BA0D02D23D1
:107E400084F843309CE7B9F1470FBFD1002BBDD177
:107E50000123BAE7BAF1650FDBD9BAF1660F18D181
:107E6000002963680BDD216113B92268D00702D5B0
:107E700001330B4423614FF00009A165DBE713B91F
:107E80002268D20701D50233F4E70123F2E74FF06D
:107E9000670A0E9B8B4205DC23682161D807EAD56F
:107EA0004B1CE7E70029CCBF0122C1F102021344B9
:107EB000E0E723685A0507D423694246314628463D
:107EC000B84701302BD165E7BAF1650F40F2DC808D
:107ED000D4E9120100220023F9F7F8F8002833D082
:107EE000012331462846354AB84701303FF452AFA6
:107EF000DDE90D38434502DB2368D8070FD5DDE9FE
:107F00000A2331462846B84701303FF443AF4FF0CB
:107F1000000908F1FF3804F11A0AC84509DC236892
:107F20009B0700F10281E0680F9B9842B8BF18469A
:107F300032E70123524631462846B84701303FF424
:107F400029AF09F10109E8E70D9B002B38DC01237B
:107F500031462846194AB84701303FF41BAFDDE9E6
:107F60000D3959EA030302D12368D907D7D5DDE9D2
:107F70000A2331462846B84701303FF40BAF4FF093
:107F8000000A04F11A0B0D9B5B42534501DC4B4682
:107F900093E701235A4631462846B84701303FF45B
:107FA000F9AE0AF1010AEEE7FFFFEF7F39B20008F0
:107FB00035B2000841B200083DB2000845B20008E1
:107FC000A36DDDF838A05345A8BF5346002B994652
:107FD00036DC4FF0000B29EAE97904F11A02A36DAF
:107FE0000893A3EB09035B4531DC0D9B9A453ADC12
:107FF0002368DA0737D40D9BAAEB0309089BAAEB89
:1080000003039945A8BF9946B9F1000F33DC4FF03F
:10801000000829EAE97904F11A0B0D9BAAEB030386
:10802000A3EB090343457FF77AAF01235A46314654
:108030002846B84701303FF4ADAE08F10108ECE73F
:10804000424631462846B8470130C2D1A2E6012354
:10805000314628460892B84701303FF49BAE089A53
:108060000BF1010BBBE73146DDE90A232846B8478F
:108070000130C0D18EE6089A4B463146284642442C
:10808000B8470130C3D185E6DDF838A0BAF1010F59
:1080900001DCDB0736D50123424631462846B84786
:1080A00001303FF477AEDDE90A2331462846B84770
:1080B00001303FF46FAED4E91201002200230AF12F
:1080C000FF3AF9F703F8C0B9534608F10102314607
:1080D0002846B84701300CD15CE601235A463146A8
:1080E0002846B84701303FF455AE08F10108D045A5
:1080F000F3DB4B4604F15002E0E64FF0000804F1D8
:108100001A0BF4E701234246E1E701234A463146D0
:108110002846B84701303FF43DAE08F10108E36856
:108120000F995B1A4345F0DCFDE64FF0000804F1BF
:108130001909F4E72DE9F047164698468A680B6955
:1081400007469342B8BF1346336091F843200C466C
:10815000DDF820900AB1013333602368990642BFED
:10816000336802333360256815F0060506D104F143
:10817000190AE36832689B1AAB422BDC94F843304F
:108180002268003B18BF0123920630D4414638468E
:1081900004F14302C847013023D02368226903F069
:1081A0000603042B14BF002533684FF0000608BFF8
:1081B000E56804F11A0408BFED1A54F8123C08BF30
:1081C00025EAE5759342C4BF9B1AED18B5421AD152
:1081D000002008E00123524641463846C847013096
:1081E00003D14FF0FF30BDE8F0870135C1E7302003
:1081F000E11881F843005A1C94F8451022440233D8
:1082000082F84310C2E70123224641463846C84758
:108210000130E6D00136D9E72DE9F0430D7E85B077
:10822000782D904607460C4699460C9E01F1430274
:1082300007D8622D0AD8002D00F0D780582D00F005
:10824000BC8004F1420684F842503BE0A5F1630390
:10825000152BF6D801A151F823F000BFB582000814
:10826000C982000843820008438200084382000854
:1082700043820008C9820008438200084382000844
:108280004382000843820008D1830008F38200087B
:10829000838300084382000843820008F3830008B8
:1082A00043820008F38200084382000843820008EA
:1082B0008B83000833681A1D1B68326004F1420684
:1082C00084F842300123A1E033682068191D316031
:1082D000060601D51D6803E04506FBD5B3F900503D
:1082E000002D03DA2D236D4284F843300A235B48C6
:1082F00011E021683368080653F8045B02D449068C
:1083000048BFADB23360237E54486F2B5CD1082345
:10831000002184F843106668002EA66005DB216802
:108320002E4321F00401216050D01646B5FBF3F135
:1083300003FB115C10F80CC006F801CDAC46634598
:108340000D46F3D9082B0BD12368DB0708D5236929
:1083500061689942DEBF302306F8013C06F1FF3622
:10836000921B2261434621463846CDF8009003AA6D
:10837000FFF7E0FE01304ED14FF0FF3005B0BDE811
:10838000F083236843F0200323607825344884F881
:1083900045502368316813F0800F51F8045B03D116
:1083A00013F0400F18BFADB23160D90744BF43F09E
:1083B000200323601DB11023AAE72848E7E72368BC
:1083C00023F020032360F6E70A23A1E71646B9E766
:1083D00033682568181D616930602E061B6801D559
:1083E000196002E06806FBD5198000231646236158
:1083F000B8E7336800211A1D32601E686268304693
:1084000000F011FA08B1801B6060636823610023EB
:1084100084F84330A6E73246414638462369C847C8
:108420000130A9D023689B0713D4E068039B9842CE
:10843000B8BF1846A2E70123324641463846C8472E
:10844000013099D00135E36803995B1AAB42F2DC45
:10845000EBE7002504F11906F5E700BF47B2000875
:1084600058B20008002310B50446C0E90033C0E943
:108470000433836081814366C28183611946082287
:108480005C3000F032F90D4B246263620C4BA36246
:108490000C4BE3620C4B23630C4B9C4206D003F164
:1084A0006802944202D0D0339C4205D104F15800B6
:1084B000BDE8104000F0B4B910BD00BF318600081F
:1084C000538600088B860008B186000860120020E1
:1084D000024A0349034800F06BB800BF4000002087
:1084E00009AB0008BC01002041680C4B10B5994253
:1084F000044601D002F008FBA168094B994202D062
:10850000204602F001FBE168064B994204D0204668
:10851000BDE8104002F0F8BA10BD00BF60120020A4
:10852000C8120020301300200C4B0D4A10B5042156
:108530001A600C480022FFF795FF0A4B01221C46E7
:10854000092103F16800FFF78DFF04F1D00002223A
:10855000BDE810401221FFF785BF00BF981300202F
:10856000D184000860120020014800F05AB900BF11
:10857000A1130020014800F055B900BFA11300204D
:1085800010B50446FFF7F0FF236A1BB1BDE81040A9
:10859000FFF7F0BF044B2362044B1B68002BF5D19F
:1085A000FFF7C2FFF2E700BFE9840008981300203C
:1085B0002DE9F8430746884614460026D4E901957C
:1085C000B9F1010905D52468002CF7D13046BDE882
:1085D000F883AB89012B07D9B5F90E30013303D0ED
:1085E00029463846C04706436835E9E70EB46FF0C0
:1085F000004110B500249DB01FAB0290069007917A
:1086000004910948094953F8042B0591006802A90F
:1086100001931B9402F002F9029B1C701DB0BDE88F
:10862000104003B0704700BFB80100200802FFFFF0
:1086300010B50C46B1F90E1000F0A4F80028ABBF3D
:10864000636DA3891B1823F48053ACBF6365A381BA
:1086500010BD2DE9F0411F468B890546DB050C4610
:10866000164605D502230022B1F90E1000F078F865
:10867000A389324623F48053A38128463B46B4F9AC
:108680000E10BDE8F04100F08FB810B50C46B1F9FE
:108690000E1000F065F8B4F90C30421C0BBF23F447
:1086A000805343F48053A381A38118BF606510BD3C
:1086B000B1F90E1000F044B8884210B501EB020485
:1086C00002D98442234607D8431EA14207D011F89D
:1086D000012B03F8012FF8E70244824200D110BDBC
:1086E00013F8011D02F8011DF7E703460244934207
:1086F00000D1704703F8011BF9E70346C9B21846D9
:1087000013F8012B12B18A42F9D17047002918BF22
:108710000020704710B56AB10139841810F8012B98
:1087200011F8013F9A4203D1A04201D0002AF5D1AD
:10873000D01A10BD1046FCE7004870473C010020ED
:1087400038B50023054D044608462B60FDF77CFC38
:10875000431C02D12B6803B1236038BD9C13002059
:1087600038B50446084611460022054D2A601A46CF
:10877000FDF774FC431C02D12B6803B1236038BDA4
:108780009C13002038B50446084611460022054DCA
:108790002A601A46FDF73CFC431C02D12B6803B14A
:1087A000236038BD9C13002038B5044608461146A6
:1087B0000022054D2A601A46FDF738FC431C02D101
:1087C0002B6803B1236038BD9C130020014B18684F
:1087D000704700BFB801002070B500260C4D0D4B4E
:1087E0005B1B9C10A64209D1002602F0D7FC0A4D63
:1087F0000A4B5B1B9C10A64205D170BD55F8043B8B
:1088000098470136EEE755F8043B98470136F2E702
:10881000F4BA0008F4BA0008F4BA0008F8BA00087C
:10882000704770477047034610B5C9B2024493427F
:10883000184601D1002003E0047801338C42F6D1C0
:1088400010BD0A44914200F1FF3300D1704710B5CA
:1088500011F8014B914203F8014FF9D110BD00000E
:1088600000200149704700BF0000F87F00487047B2
:108870000000C07F2DE9F74F03690C690746A3424A
:108880007EDB013CA30000F1140501F11408009304
:1088900005EB8403019358F8243055F82420013364
:1088A0009A42B2FBF3F608EB84092ED34FF0000A8C
:1088B000C446AE46D3465CF8043B98B206FB00A023
:1088C0001B0C020C06FB0323DEF8002080B292B2E0
:1088D000121A5A44DEF800004FEA134A9BB2C3EB67
:1088E000224303EB104392B242EA0342E1454FEACE
:1088F000234B4EF8042BDED2009BEB582BB9019B87
:10890000043B9D421A462FD33C61384601F030FDAE
:10891000002825DB2946002058F8042BD1F800C098
:108920001FFA82FE1FFA8CF3A3EB0E030344120C12
:10893000C2EB234202EB1C429BB243EA0243C14515
:108940004FEA224041F8043BE6D255F8242005EBDB
:10895000840322B9043B9D421A460BD33C61013685
:10896000304603B0BDE8F08F1268043B002ACBD13B
:10897000013CC6E71268043B002AEFD1013CEAE75C
:108980000020EEE7000000002DE9F04F16461F46DC
:10899000C26999B08146CDE90E67259C82B9102045
:1089A00001F05CF90246C9F81C0020B9EF21A84B80
:1089B000A84802F0E1F80023C0E901330360C36076
:1089C000116859B101235268484693404A608B6050
:1089D00001F04AFA0022D9F81C301A60B7F10008F9
:1089E000B5BF01230023236023609B4BBCBF28F04D
:1089F0000048CDF83C8033EA08031AD142F20F73E5
:108A0000249AC8F3130858EA0608136000F0748526
:108A1000269B53B9914B21E0914B03930833269A3F
:108A20001360039819B0BDE8F08F8C4B03930333A8
:108A3000F5E7DDE90E34CDE90A34DDE90A0100226B
:108A40000023F8F743FB824650B10123249A1360B8
:108A5000269B13B1834B269A1360834B0393E0E765
:108A600016AB019317AB00934846DDE90A2301F0EA
:108A70009BFD5FEA1854169D04907BD0DDE90A0146
:108A80000B9BA4F2FF34C3F3130343F07F5343F46F
:108A90004013CDF850A019460022744BF7F75CFB49
:108AA00065A3D3E90023F7F70FFD65A3D3E90023FE
:108AB000F7F754FB064620460F46F7F79BFC62A3E8
:108AC000D3E90023F7F700FD02460B46304639464E
:108AD000F7F744FB06460F46F7F708FF00228046EB
:108AE000002330463946F8F7FBFA48B14046F7F71D
:108AF00081FC32463B46F8F7E9FA08B908F1FF383D
:108B0000B8F1160F53D8DDE90A01594B03EBC8033E
:108B1000D3E90023F8F7E4FA00284AD0002308F14B
:108B2000FF3811932D1B6B1E099349BF00230027AB
:108B3000C5F101070993B8F1000F3CDB099BCDF8A3
:108B400040804344099300230C93229B092B64D853
:108B5000052BC4BF043B2293229BC8BF0024A3F172
:108B60000203D8BF0124032B00F28680DFE803F064
:108B70005153362B179C2C4404F23243202BC1BF97
:108B8000C3F1400308FA03F804F2124326FA03F390
:108B9000D6BFC3F1200348EA030006FA03F0F7F753
:108BA00019FC0122A1F1F873013C149273E701232F
:108BB000B7E71190B6E7C8F100030C930023A7EBC9
:108BC00008071093C1E701230D93239B43440893A7
:108BD0000133012B0593B8BF012306E001230D9358
:108BE000239B002B4BDD0893059300210422D9F829
:108BF0001C0002F114059D4246D94160484601F02F
:108C0000F5F80390002842D1024640F2AF11194B0B
:108C1000CEE60023E3E70023D6E7012400230D94EA
:108C200022934FF0FF3300220893059312232392DF
:108C3000DBE700BFAFF3008061436F63A787D23FDC
:108C4000B3C8608B288AC63FFB799F501344D33F3B
:108C50007EB2000895B200080000F07F7AB20008EA
:108C600071B2000846B2000845B200080000F83FA3
:108C700020B90008EDB2000801230D93D1E70123CC
:108C80001A4608930593D2E701315200B1E7D9F8AB
:108C90001C30039A1A60059B0E2B00F2A180002C59
:108CA00000F09E80B8F1000F36DD9F4B08F00F02F8
:108CB00003EBC20318F4807F4FEA2815D3E900AB19
:108CC00016D0DDE90A01994B0324D3E90823F7F70D
:108CD00025FDCDE9060105F00F05944E75B9DDE9D6
:108CE000060152465B46F7F719FD82468B462DE09A
:108CF000DDE90A34CDE906340224EEE7E90708D5B8
:108D0000D6E9002350465946F7F7DEFB82468B46EC
:108D100001346D100836E1E700F0AD80DDE90A01AD
:108D2000C8F10005804B05F00F0203EBC203D3E945
:108D30000023F7F7C9FB022482468B4600237B4EB3
:108D40002D11002D40F08C80002BCED1119B002BDB
:108D500000F09580002250465946754BF8F7C0F94F
:108D6000002800F08C80059B002B00F08880089B79
:108D7000002B35DD08F1FF3350465946069300229B
:108D80006C4BF7F7A1FB82468B46089E01342046C8
:108D9000F7F730FB52465B46F7F796FB0022664B2F
:108DA000F7F7DCF90446A1F15075CDE91245002E24
:108DB00069D1002250465946604BF7F7CDF922465B
:108DC0002B4682468B46F8F7A9F9002840F0998295
:108DD00022465046594605F10043F8F781F920BB79
:108DE000179B002BC0F26581B8F10E0F00F3618173
:108DF0004D4B03EBC803D3E900AB239B002B80F260
:108E0000EF80059B002B00F3EB800ED100224B4B33
:108E100050465946F7F758FB02460B46DDE90A0172
:108E2000F8F768F9002800F06F8200252C46239B94
:108E3000039EDB430693274600242946484601F05B
:108E400013F8002F00F0C2802CB1BC4203D02146A1
:108E5000484601F009F83946484601F005F8B5E002
:108E6000EA0705D5D6E90023F7F72EFB01230134E5
:108E70006D10083665E70224DDE90AAB66E7059E5A
:108E8000CDF8188083E7284B03EBC60353E90201B2
:108E90000D9B002B56D002460B4600202849F7F7C1
:108EA0003DFCDDE91223F7F757F9039BCDE91201E9
:108EB0009D191E4659465046F7F718FD0446F7F728
:108EC00099FA02460B4650465946F7F745F9DDE94F
:108ED0001223303406F8014B82468B46F8F700F92E
:108EE000002873D152465B4600201149F7F734F948
:108EF000DDE91223F8F7F4F8002840F0BB80AE4219
:108F00003FF46EAFDDE9120100220A4BF7F7DCFAFD
:108F10000022CDE91201074B50465946F7F7D4FA23
:108F200082468B46C6E700BF20B90008F8B80008A3
:108F30000000F03F0000244000001C4000001440EE
:108F40000000E03FDDE91223F7F7BEFA039BCDE90D
:108F500012013344039D159359465046F7F7C6FC5A
:108F60000446F7F747FA0B46024659465046F7F7CC
:108F7000F3F83034159B05F8014B9D4282468B4631
:108F800027D1DDE91201039B00221E44B54BF7F700
:108F9000E5F802460B4650465946F8F7BFF8002858
:108FA00068D1DDE912230020AE49F7F7D5F8024673
:108FB0000B4650465946F8F793F800283FF410AF97
:108FC000334616F8012D302AFAD01E46DDF81880F7
:108FD0003EE00022A44BF7F777FA82468B46BBE7C8
:108FE0000024039EA04D5246DDE90A015B46F7F7D7
:108FF00095FBF7F77BFC0746F7F7FCF952465B4613
:10900000F7F762FA02460B46DDE90A01F7F7A4F822
:1090100007F1300C06F801CBDDF80CC0DDF814E0E8
:10902000A6EB0C0CE64502460B4633D1F7F796F853
:1090300052465B4604460D46F8F770F8C0B95246F2
:109040005B4620462946F8F741F808B1FB070FD4E4
:109050004846049900F008FF0023249A337008F171
:1090600001031360269B002B3FF4DBAC1E60D8E4A9
:10907000CDF8188033461E4613F8012D392A06D143
:10908000039A9A42F7D1069A0132069230220132AF
:109090001A709BE722462B46F7F716FA02460B4654
:1090A000CDE90A2300220023F8F710F800289AD00F
:1090B000CEE70D9A002A00F0E380229A012A00F3FD
:1090C000C280149A002A00F0BA8003F233430C9D48
:1090D0003E46099A01211A4448461F44099200F06D
:1090E000C1FF044656B1099B002B07DDB342A8BF60
:1090F0003346099AFF1AF61AD31A09930C9B0BB33D
:109100000D9B002B00F0C380002D00F0BD80214698
:109110002A46484601F064F8049A01460446484647
:1091200000F0B6FF04998246484600F09DFE0C9B75
:109130005B1B0C9300F0AE8051460C9A484601F040
:109140004FF804900121484600F08CFF109B054623
:10915000002B00F0D8811A460146484601F040F83D
:10916000229B0546012B00F39D800E9B002B40F0B7
:1091700094800F9BC3F31303002B40F08E800F9B52
:1091800023F000431B0D1B05002B00F089804FF0DE
:10919000010A099B013701330993109B002B00F052
:1091A000B8812B6905EB8303186900F00FFFC0F14C
:1091B0002000099B184410F01F007ED0C0F120034E
:1091C000042B72DD099BC0F11C00034407440644D4
:1091D0000993002F05DD3A464846049901F05CF8F2
:1091E0000490099B002B05DD29461A46484601F0EC
:1091F00053F80546119B002B61D02946049801F0D5
:10920000B7F800285BDA08F1FF3306930A2200233F
:109210004846049900F04AFE0D9B0490002B00F094
:109220007A81002321460A22484600F03FFE089B2F
:109230000446002B72DC229B022B49DC6EE0169B5D
:10924000C3F1360343E7059B5D1E0C9BAB420DDB70
:109250005D1B059B002BBFF63BAF059BFE1A002351
:1092600037E700BF0000E03F000024400C9B109A4D
:10927000EB1A1A440C953E460025059B109228E7F0
:109280003E460C9D0D9C2DE7DDF810A054E70C9A8E
:10929000049953E7CDF810A054E74FF0000A7CE79B
:1092A0009A467AE74FF0000A7BE792D0099A1C337E
:1092B0001A441F441E4409928BE70346F6E7059BB8
:1092C000CDF81880002B23DC0893229B022B21DD94
:1092D000089B002B7FF4ABAD29460522484600F0E1
:1092E000E5FD01460546049801F042F800287FF7A5
:1092F0009EAD3123039E06F8013B069B0133069386
:1093000099E535462C46F4E7059DCDF81880F9E738
:10931000059B08930D9B002B00F00181002E05DDBD
:1093200021463246484600F0B7FF0446BAF1000F26
:109330005AD04846616800F059FD064628B90246F1
:1093400040F2EF21814BFFF733BB226904F10C019E
:10935000023292000C30FFF774FA0122314648467F
:1093600000F09AFF0746039B039A03F1010B089B49
:1093700013440A930E9B03F0010309930BF1FF338F
:10938000294604980593FFF775FA2146089000F1E5
:10939000300A049800F0ECFF3A46804629464846D9
:1093A00001F002F8C268064602BB0146049800F0CC
:1093B000DFFF0246314648460C9200F055FD229BE5
:1093C0000C9A5E4642EA0301099B194310D1BAF197
:1093D000390F2BD0B8F1000F02DD089B03F1310AE1
:1093E000059B83F800A028E52746BCE70122E1E7BA
:1093F000B8F1000F06DB229B48EA0308099B58EAF4
:10940000030820D1002AEBDD01220499484600F030
:1094100043FF2946049000F0ABFF002803DCDFD1B6
:109420001AF0010FDCD0BAF1390FD6D13923059AE1
:10943000137033461E4616F8012C013B392A53D0CF
:1094400001321A70F9E4002A07DDBAF1390FEDD0C4
:10945000059A0AF101031370EFE40A9B0BF801ACC3
:109460005B452BD000230A220499484600F01EFDDC
:10947000BC4204904FF000034FF00A0221464846D8
:1094800006D100F013FD044607460BF1010B75E70A
:1094900000F00CFD3946044600230A22484600F03D
:1094A00005FD0746F1E7089B2746002B03F1FF3631
:1094B000D8BF00260024039B5A1C1644012204999D
:1094C000484600F0E9FE2946049000F051FF0028CC
:1094D000AFDC02D11AF0010FABD133461E4613F8B0
:1094E000012D302AFAD0A8E4039A9A42A2D1069B11
:1094F000013306933123AEE7269B002B7FF48CAA21
:10950000134BFFF7ABBA229B012B7FF72EAEDDF892
:1095100040A001204DE6089B002B7FF7D6AE039EAE
:1095200029460498FFF7A6F9039B00F1300A06F8D4
:1095300001ABF21A089B9342B5DD00230A2248468C
:10954000049900F0B3FC0490EAE700BFEDB2000814
:1095500071B2000838B50546002940D051F8043CE6
:109560000C1F002BB8BFE41800F034FC1C4A136831
:1095700033B9636014602846BDE8384000F030BC61
:10958000A34208D9206821188B4201BF19685B6883
:1095900009182160EDE71A465B680BB1A342FAD9BE
:1095A00011685018A0420BD1206801445018834222
:1095B0001160E0D118685B68084410605360DAE716
:1095C00002D90C232B60D6E7206821188B4201BFFB
:1095D00019685B680918216063605460CBE738BD87
:1095E000A813002003692DE9F043B3EB611F00F1DC
:1095F00014044FEA611246DD11F01F0104EB8306EB
:1096000004EB82050CD1294600F11007B14235D395
:109610009B1A9B00EA1E964238BF0023234415E0A4
:10962000A14654F82270C1F12008CF4005F1040E84
:109630007645F44616D89A1A9200043A0135AE429D
:1096400038BF0022A318A75007B10433A342A3EBED
:10965000040208BF00234FEAA202026108BF43616F
:10966000BDE8F083DCF800C00CFA08FC4CEA070700
:1096700049F8047B5EF8047BCF40D9E751F804CB6E
:1096800047F804CFC2E72346E0E7A0F13003092BF7
:1096900002D82038C0B27047A0F16103052B01D871
:1096A0004738F7E7A0F14103052B01D82738F1E748
:1096B000002070472DE9F04F8A46904685B002930E
:1096C0000B6801909C1CA14614F8010B3028FAD0BD
:1096D000A9EB0303A3F1020BFFF7D7FF0546002810
:1096E00068D1012248469F49FFF714F80746002831
:1096F00067D199F801002646FFF7C7FF002862D01E
:10970000234618789946302803F10103F9D0FFF772
:10971000BCFFB0FA80F54FF0010B6D094A461646C2
:1097200030780132FFF7B1FF0028F8D1012230462E
:109730008C49FEF7EFFF00283FD144B9741C224644
:10974000164630780132FFF7A0FF0028F8D1A41B9D
:10975000A700337803F0DF03502B3ED173782B2B17
:1097600033D02D2B34D00024711C0878FFF78DFFE7
:10977000431EDBB2182B30D8A0F1100211F8010FF4
:10978000FFF783FF00F1FF3C5FFA8CFCBCF1180F80
:109790004FF00A031ED904B152421744CAF8001010
:1097A000EDB1BBF1000F0CBF06250025284605B022
:1097B000BDE8F08F00252C46B0E7002CC7D1274626
:1097C000C7E74E462F460125C3E70024B11CCCE76E
:1097D0000124FBE703FB0200CEE73146DEE7294622
:1097E000A6EB0903013B072B0ADC019800F0FEFA07
:1097F000044640B90246E4215B4B5C4801F0BCF9E9
:1098000001315B10EFE7002300F1140A55469B4637
:10981000B14537D345F804BBA5EB0A05AD1025616A
:10982000584600F0D3FB6D01D8F800602D1AB54200
:1098300054DDAD1B2946204600F061FF814678B11A
:109840004FF001096B1E59115AF8211003F01F0245
:1098500009FA02F20A4203D04B4536DC4FF0020906
:1098600029462046FFF7BEFE2F44D8F80830BB42F9
:1098700042DA2146019800F0F7FA00230E9AA32558
:10988000136093E716F8012D2E2A12D0202B04D155
:1098900045F804BB4FF0000B5B4630780393FFF7AD
:1098A000F4FE039B00F00F0098404BEA000B0433DA
:1098B000AEE7B145EAD8012230462A490393FEF7C4
:1098C00029FF039B0028E1D1A2E72046A91E00F052
:1098D00016FF0028C2D04FF00309C1E709DA751B53
:1098E00021462A46019800F0D7FC04467F1B00F170
:1098F000140A4FF00009B8E7D8F80450BD426FDDF4
:10990000ED1BAE4234DCD8F80C30022B22D0032BF6
:1099100024D0012B15D1AE4213D1012E0BD1D8F892
:109920000430029A6225136001232361CAF80030D3
:109930000E9B1C603AE72046711E00F0E0FE0028F6
:10994000EDD12146019800F08FFA00230E9A5025A0
:1099500013602BE70F9B002BF3D1E0E70F9B002B4D
:10996000DDD1EEE733B20008EDB20008FEB2000828
:109970006F1EB9F1000F30D127B13946204600F0F3
:10998000BEFE814601232946761B02257A115AF82C
:10999000222007F01F07BB401342204618BF49F0A2
:1099A0000209FFF71FFED8F80470B9F1000F47D085
:1099B000D8F80C30022B15D0032B17D0012B09D16E
:1099C00019F0020F06D0DAF8003049EA030919F05D
:1099D000010F0ED145F0100532E04FF00109D1E73B
:1099E0000125E2E70F9BC3F101030F930F9B002BAF
:1099F000F0D04FF0000CD4F810B004F114034FEA8B
:109A00008B0A03EB8B01184653F8042BB2F1FF3F8E
:109A10001BD001320260022D04F114033CD1D8F8AE
:109A20000020013AB24209D10122711153F82130CC
:109A300006F01F0602FA06F61E423AD145F020054E
:109A40000E9B1C60029B1F60B0E6994243F804CC59
:109A5000D9D8A3689B4517DB61680198013100F0F4
:109A6000C5F9814618B902468421194BC5E6226919
:109A700004F10C01023292000C30FEF7E2FE2146A6
:109A8000019800F0F1F94C4623695A1C2261012229
:109A900004EB83035A61BEE722695A450BDD0121BD
:109AA0002046FFF79FFDD8F808300137BB42FFF68C
:109AB000E0AE0125C2E716F01F06FAD0534453F872
:109AC000040C00F083FAC6F12006B042E7DBF0E7B1
:109AD000EDB20008C2F10802920070B5C2F1200692
:109AE0004368046803FA06F52C43D340046040F849
:109AF000043F8842F4D370BD30B50368013311F8D8
:109B0000014B14B90360012030BD13F8012BA2F101
:109B10004105192D98BF2032A242F0D00020F3E772
:109B20002DE9F04F00250B6882465E1102EB860698
:109B300013F01F0318BF0436371F9046B9463C4642
:109B4000AB4687B00168019346F8045C02954A78F9
:109B50004B1C039342B3104605910492FFF795FD09
:109B6000002853D1049A0599202A18D8029B9B45B6
:109B700013DD4C4506D2072D04DC2A464946204613
:109B8000FFF7A8FF444554D90023A4F1040944F881
:109B9000043C1D464C46CDF808B00399D7E7292A66
:109BA00059D10231CAF80010BBF1000F53D04C4517
:109BB00006D2072D04DC2A4649462046FFF78AFFD5
:109BC000444538D92346A8F1040253F8041B9F42A8
:109BD00042F8041FF9D23B1B23F003030134033E78
:109BE000B44288BF0023002108F1040213441A463E
:109BF00004339F421160FAD23B681BB9474528D114
:109C000001233B60052007B0BDE8F08F0135082D2A
:109C10000BF1010B06DD4445BFD90023012544F8B3
:109C2000043C043C226800F00F0040EA021020606F
:109C3000B3E70825B1E7019B002BDDD04FF0FF32E1
:109C4000C3F12003DA4056F8043C134046F8043CC4
:109C5000D2E7043FD0E70420D5E70000024B0146DD
:109C6000186800F025B800BFB801002070B50F4E8D
:109C70000C463168054611B900F06EFF3060214690
:109C8000284600F069FF431C03D14FF0FF34204603
:109C900070BDC41C24F00304A042F8D0211A284649
:109CA00000F05AFF0130F2D1EFE700BFA41300200B
:109CB0002DE9F843CD1C25F0030508350C2D38BFE0
:109CC0000C25002D064601DBA94204D90C23336084
:109CD0000020BDE8F883DFF8D48000F07BF8D8F8E6
:109CE00000301C4644BB29463046FFF7BFFF431CEB
:109CF000044658D1D8F800402746002F43D1002C05
:109D00004BD023683946304604EB030900F024FFAA
:109D1000814542D1216830466D1A2946FFF7A6FFDA
:109D200001303AD023682B442360D8F800305A68B9
:109D300062BBC8F800700FE02268521B20D40B2AC7
:109D400017D96119A342256018BF5960636808BF1D
:109D5000C8F8001062514B60304600F041F804F141
:109D60000B00231D20F00700C21A1CBF1B1AA350B2
:109D7000AFE76268A3420CBFC8F800205A60EBE767
:109D800023466468AEE73C467F68B6E71A465B68E0
:109D9000A342FBD100235360DEE70C23304633603F
:109DA00000F01EF894E70560D6E700BFA813002076
:109DB00082B001B901A942B14BB113780B6012789E
:109DC000101E18BF012002B070471046FBE76FF06D
:109DD0000100F8E70148FEF724BD00BFA0130020F2
:109DE0000148FEF71FBD00BFA013002070B5C46975
:109DF00005460E4684B91020FFF730FF0446E8619F
:109E000028B902466B21164B164800F0B5FE002318
:109E1000C0E901330360C360E36853B92122042120
:109E2000284600F0C7FEEB69E060DB680BB9002054
:109E300070BD53F8260030B1026843F82620002395
:109E4000C0E90333F4E7012101FA06F4621D284654
:109E5000920000F0AFFE0028E9D0C0E90164EEE70F
:109E60007EB200085EB3000870B5C66905460C46B0
:109E700076B91020FFF7F2FE0246E86120B98F2183
:109E8000084B094800F078FEC0E901660660C6602C
:109E90003CB1EB696268DB6853F82210216043F83B
:109EA000224070BD7EB200085EB300082DE9F0418B
:109EB00007460C461E4600200D6901F1140CDCF823
:109EC0000030013099B202FB01611E0C0B0C02FB49
:109ED000063389B201EB034185424FEA13464CF841
:109EE000041BECDC0EB3A368AB4219DC6168384696
:109EF0000131FFF77BFF804628B90246BA210C4B9F
:109F00000C4800F039FE226904F10C010232920083
:109F10000C30FEF796FC21463846FFF7A5FF444675
:109F200004EB850301355E6125612046BDE8F081C3
:109F3000EDB200085EB300082DE9F843154609228A
:109F40001F4608330C4693FBF2F30646012200211C
:109F50009A4209DB3046FFF749FF40B90246D32158
:109F6000184B194800F008FE52000131F0E7089B39
:109F7000092D43614FF00103036116DD04F1090867
:109F8000C1462C4419F8013B01460A223046303BB9
:109F9000FFF78CFFA145F5D1A844A8F108042D1BBB
:109FA00063199F4204DCBDE8F88309250A34F6E70B
:109FB00014F8013B01460A223046303BFFF776FF9A
:109FC000EEE700BFEDB200085EB300080346B0F54F
:109FD000803F3ABF030410200020B3F1807F3CBFD4
:109FE0001B020830B3F1805F3CBF1B010430B3F1AA
:109FF000804F3CBF9B000230002B05DB13F0804FED
:10A0000000F1010008BF202070470368024613F0EA
:10A0100007000BD0D90721D4980749BF5B089B08DC
:10A02000012013605CBF02201360704799B209B928
:10A0300010201B0CD9B209B908301B0A190704BF3C
:10A040001B090430990704BF9B080230D90703D4C9
:10A050005B0800F1010003D01360704700207047D7
:10A060002020704710B50C460121FFF7BFFE0246C5
:10A0700028B940F24511044B044800F07DFD01234E
:10A080004461036110BD00BFEDB200085EB300087B
:10A090002DE9F04FD1F81090D2F810A08846D145A4
:10A0A000144685B004DB53460C46CA469046994692
:10A0B000A36861680AEB0906B342B8BF0131FFF734
:10A0C00095FE30B902464FF4B171434B434800F05E
:10A0D00053FD00F114052B46002205EB8607BB4219
:10A0E0001FD304F1140C08F114010CEB8A0301EBEB
:10A0F000890202921A1B153A22F0030215349C427F
:10A1000088BF00220192029A03918A420CD8002E45
:10A1100003DD57F8043D002B5CD0066105B0BDE8B7
:10A12000F08F43F8042BDAE7B1F800A0BAF1000F82
:10A1300023D0E046A9464FF0000E58F8042BD9F87A
:10A1400000401FFA82FBA4B20AFB0B447444D9F806
:10A1500000E0120C4FEA1E4E0AFB02E202EB144230
:10A16000A4B244EA024443454FEA124E49F8044B74
:10A17000E3D8019AAA18C2F804E0039A0431B2F8AD
:10A180000280B8F1000F23D02A68E6469146AA461D
:10A190004FF0000BBEF8004092B208FB04B404EB91
:10A1A000194442EA04424AF8042B5EF8042BDAF818
:10A1B00000904FEA124B1FFA89F208FB0B227345FD
:10A1C00002EB14424FEA124BE4D8019C2C19626056
:10A1D000043598E7013E9AE7EDB200085EB3000847
:10A1E0002DE9F843174612F0030280460D4607D0CA
:10A1F000264C013A002354F82220FFF757FE05466B
:10A20000BF103FD0D8F81C4094B91020FFF726FDAE
:10A210000446C8F81C0030B9024640F2B3111C4B8A
:10A220001C4800F0A9FC0023C0E901330360C360AF
:10A23000A66846B940F271214046FFF713FF00239C
:10A240000646A06003602C464FF0000907F00103AA
:10A250007F1053B1294632464046FFF719FF214689
:10A2600005464046FFF700FE67B1306838B9324610
:10A2700031464046FFF70CFF3060C0F800900646BC
:10A280002C46E3E72846BDE8F88300BFE8B800089D
:10A290007EB200085EB300082DE9F84F0C46074671
:10A2A00015462369496803EB6218A3684FEA621AEE
:10A2B00008F101094B450BDB3846FFF797FD0646D1
:10A2C00048B902464FF4EF71274B284800F054FC80
:10A2D00001315B00EEE70023194600F1140C00F198
:10A2E0001002534534DB22692AEAEA7A0CEB8A0C25
:10A2F00004F1140315F01F0E614603EB82022BD00C
:10A300000025CEF1200A8B461868043100FA0EF0C1
:10A310002843CBF8000053F8045B9A4225FA0AF56B
:10A32000F1D8131B153B23F0030304F115018A42F6
:10A3300038BF00239C44CCF8045005B9C1463846C8
:10A340002146C6F81090FFF78FFD3046BDE8F88F24
:10A3500042F8041F0133C4E753F8045B04319A4206
:10A3600041F8045CF8D8E9E7EDB200085EB30008F4
:10A3700003460A69006930B5801A0ED114331431CE
:10A3800003EB820401EB820154F8045D51F8042DC3
:10A39000954203D005D24FF0FF3030BDA342F3D336
:10A3A000FBE70120F9E700002DE9F74F8A46064652
:10A3B000114650461446FFF7DBFF051E12D1294611
:10A3C0003046FFF713FD024628B940F23721404BD3
:10A3D000404800F0D1FB0123C0E90435104603B02A
:10A3E000BDE8F08FBCBF5346A2463046DAF80410F1
:10A3F000BABF1C4601250025FFF7F8FC024618B934
:10A4000040F24521324BE3E7C56000F11405AB464D
:10A410004FF0000CDAF8107026690AF1140904F103
:10A42000140E0AF1100309EB87080EEB8606019360
:10A43000019B5EF8040B53F804AF81B201931FFA3D
:10A440008AF35B1A000C6344C0EB1A4000EB234014
:10A450009BB243EA004376454FEA204C4BF8043B5D
:10A46000E6D8331B153B153423F00303A64238BF4F
:10A470000023E8184B441C1D26460430A5EB0905B3
:10A48000464506EB050E0ED308F10301091B21F02A
:10A4900003010133984538BF0021014451F8043DC0
:10A4A000A3B117619AE7E24656F8041B1FFA81FC34
:10A4B000D4444FEA1149514409EB2C4989B241EA8D
:10A4C00009414FEA294CCEF80010D9E7013FE5E7F2
:10A4D000EDB200085EB300080E4B0B40A3F15073C1
:10A4E000002B08DC5B42B3F1A07F4FEA235204DA71
:10A4F0004FF400231341002208E0A2F114031E2BA5
:10A50000D6BF4FF000420122DA4000231946104620
:10A51000704700BF0000F07F0269F8B500F1140732
:10A5200007EB820252F8044C1E4D2046FFF74EFD09
:10A530000346C0F120000A2BA2F10406086012DCD9
:10A54000B7422CBF002252F8082CC3F10B0C153374
:10A5500024FA0CFE04FA03F322FA0CF24EEA050187
:10A560001A431046F8BDB74236BFA2F108060022D2
:10A5700052F8082C0B3B12D0C3F1200522FA05F14A
:10A580009C400C43BE4244F07F5194BF002456F8D7
:10A59000044C9A40EC4041F440112243E1E744EA84
:10A5A0000501DEE70000F03F2DE9734301219046ED
:10A5B0009946089EFFF71AFC044630B9024640F25D
:10A5C0000F31234B234800F0D7FAC9F30A55C9F3DA
:10A5D00013030DB143F480130193B8F1000324D0A9
:10A5E00068460093FFF711FD0099E0B1019AC0F1B0
:10A5F000200302FA03F30B43C24063610192019B03
:10A60000002B0CBF01220222A3612261ADB1A5F291
:10A61000334505443560C0F13500099B186020467C
:10A6200002B0BDE870836161E9E701A8FFF7EDFCC6
:10A63000019B012263612030E7E7A0F2324004EB86
:10A64000820330601869FFF7C1FCC0EB4210E4E7F9
:10A65000EDB200085EB300082DE9F04F85B0CDE9FA
:10A66000001002A9FFF758FF8B4606460F460098D8
:10A6700003A9FFF751FF0D46019B89461969009B0D
:10A6800004461B693046C91ADDE902329B1A03EB06
:10A690004113002BCDBF3A462A46C3EB033302EBEE
:10A6A000035BD8BF02EB03594B4622465946F6F7E7
:10A6B00035F805B0BDE8F08F013970B5491114695E
:10A6C000013102F1140300EB810103EB8404051F47
:10A6D000A3420CD3A31A113B23F00303113294427B
:10A6E00038BF002318440023884205D370BD53F8B7
:10A6F000046B45F8046FEBE740F8043BF4E700F126
:10A70000140200694B11984210B511DB0ADD11F0FB
:10A710001F0107D052F8234024FA01F000FA01F19A
:10A720008C420BD102EB8303934203D8002010BD6F
:10A730000346F7E753F8041D0029F5D00120F6E79A
:10A740000346084641B1FF2A04D98A224FF0FF3060
:10A750001A60704701200A7070472DE9F0471F46C4
:10A760008E688246BE420C469046334653D8B1F9B5
:10A770000C0010F4906F2BD065692368096905EB14
:10A780004505A3EB010905EBD5757B1C6D104B440A
:10A79000AB422A4684BF1D462A46430527D51146AB
:10A7A0005046FFF785FA064658B34A462169FEF738
:10A7B00048F8A38923F4906343F08003A3812661C2
:10A7C0004E4426603B463E466561A5EB0905A56003
:10A7D0001F463A4641462068FDF76EFF0020A368F9
:10A7E0009B1BA36023683B442360BDE8F087504671
:10A7F00000F0F4F906460028E1D150462169FEF741
:10A80000A9FE0C23CAF80030A3894FF0FF3043F0B3
:10A810004003A381E9E73E46DBE700002DE9F0476E
:10A820001F468B8906461B060D4614469CB010D564
:10A830000B6973B94021FFF73BFA2860286130B9F2
:10A840000C2333604FF0FF301CB0BDE8F08740238D
:10A850006B610023099320238DF8293030234FF0BA
:10A8600001080397644F8DF82A302346994613F860
:10A87000012B0AB1252AF9D1B9EB040A0BD05346B2
:10A88000224629463046FFF768FF013000F0A480D9
:10A89000099A5244099299F80030002B00F09C80EC
:10A8A00000234FF0FF32CDE9052309F1010904939C
:10A8B00007938DF853301A934C46052214F8011B68
:10A8C0004D48FDF7B0FF049BD0B9D80644BF202205
:10A8D0008DF85320190744BF2B228DF8532099F887
:10A8E00000202A2A13D04C4600204FF00A0C079A69
:10A8F000214611F8013B303B092B49D968B913E0D7
:10A90000C01B08FA00F01843A1460490D4E7039A4C
:10A91000111D12680391002A01DB079204E05242E4
:10A9200043F002030792049323782E2B0AD1637815
:10A930002A2B32D1039B02341A1D1B68039243EA6F
:10A94000E3730593DFF8B490032248462178FDF7BE
:10A950006AFF38B14022049BA0EB090082401343F8
:10A960000134049314F8011B062225488DF82810A1
:10A97000FDF759FF002835D0224818BB039B073349
:10A9800023F0070308330393099B034409936CE7FF
:10A990000C4601200CFB0232AAE700234FF00A0C00
:10A9A000194601340593204610F8012B303A092A44
:10A9B00003D9002BC6D00591C4E7044601230CFB44
:10A9C0000121F0E703AB00932A4630460E4B04A961
:10A9D000FDF784F9421CD7D1AB895B063FF532AF56
:10A9E000099831E703AB00932A463046064B04A989
:10A9F000FDF712FCEEE700BFB7B30008BDB30008D7
:10AA0000C1B30008DD7C00085BA70008B1F90C2089
:10AA1000F8B5160705460C4651D44B68002B02DCEE
:10AA20000B6C002B49DDE66A002E46D0002312F4A1
:10AA300080522F682B6031D0626DA389590705D5EC
:10AA40006368D21A636B0BB1236CD21A00232846B9
:10AA5000E66A216AB047421CB4F90C3006D1296875
:10AA60001D2945D8274ACA40D60741D50022626031
:10AA70002269D904226004D5421C01D12B6803B994
:10AA80006065616B2F60C1B104F14403994202D04B
:10AA90002846FEF75FFD002363630EE0012328468E
:10AAA000216AB0470246501CC7D12B68002BC4D086
:10AAB0001D2B01D0162B19D12F6000201DE00F692E
:10AAC000002FFAD0930718BF00230E6808BF4B6908
:10AAD000F61B0F608B60002EEFDD33463A462846AA
:10AAE000216AD4F828C0E047002807DCB4F90C300C
:10AAF0004FF0FF3043F04003A381F8BD0744361AFE
:10AB0000E9E700BF0100402038B50B6905460C4657
:10AB100013B90025284638BD18B1036A0BB9FDF7F3
:10AB20002FFDB4F90C30002BF3D0626ED00704D4A3
:10AB3000990502D4A06DFDF774FE28462146FFF763
:10AB400065FF636E0546DA07E4D4A3899B05E1D46B
:10AB5000A06DFDF767FEDDE738B50023054D04461F
:10AB600008462B60FBF726FA431C02D12B6803B181
:10AB7000236038BD9C1300201FB514461A46094BAC
:10AB800005461B68D8684CB1074BCDE901340091EC
:10AB90002B46064900F050F800F060F8044B1C46C4
:10ABA000F3E700BFB8010020C8B30008D5B3000820
:10ABB00003B4000870B5A1FB025434B92946FFF76D
:10ABC00077F8064628B9304670BD0C220026026090
:10ABD000F9E72A462146FDF788FDF4E72DE9F04123
:10ABE000074614460D4621B91146BDE8F041FFF76E
:10ABF0005FB82AB9FEF7AEFC25462846BDE8F081CD
:10AC000000F033F88442064602D8B4EB500FF4D873
:10AC100021463846FFF74CF8804608B94546ECE730
:10AC2000B4422246294628BF3246FDF70AFE29468D
:10AC30003846FEF78FFCF1E70EB403B5014603ABCF
:10AC4000054853F8042B0068019300F03DF802B06A
:10AC50005DF804EB03B07047B8010020062008B58A
:10AC600000F000FA0120FBF7CDF951F8043C181F61
:10AC7000002BBCBF0B58C0187047936810B4013B41
:10AC8000002B936007DA9469A34201DB0A2902D101
:10AC900010BC00F02DB91368581C106019700846DC
:10ACA00010BC7047F8B506460F461446D518AC429E
:10ACB00001D1002007E03A46304614F8011BFFF7A7
:10ACC000DCFF431CF3D1F8BD2DE9F0470D461446D7
:10ACD0001F4606469CB018B1036A0BB9FDF750FC3D
:10ACE0006B6ED90705D4AB899A0502D4A86DFDF720
:10ACF00098FDAB891B0701D52B699BB929463046C6
:10AD000000F034F970B16B6EDC0704D54FF0FF3002
:10AD10001CB0BDE8F087AB899805F7D4A86DFDF7A6
:10AD200081FDF3E70023099320238DF82930302398
:10AD30004FF001080397694F8DF82A302346994652
:10AD400013F8012B0AB1252AF9D1B9EB040A0BD06B
:10AD50005346224629463046FFF7A4FF013000F053
:10AD6000A480099A5244099299F80030002B00F00F
:10AD70009C8000234FF0FF32CDE9052309F1010942
:10AD8000049307938DF853301A934C46052214F818
:10AD9000011B5248FDF747FD049BD0B9D90644BFBB
:10ADA00020228DF853201A0744BF2B228DF8532000
:10ADB00099F800202A2A13D04C4600204FF00A0CA4
:10ADC000079A214611F8013B303B092B49D968B954
:10ADD00013E0C01B08FA00F01843A1460490D4E722
:10ADE000039A111D12680391002A01DB079204E007
:10ADF000524243F002030792049323782E2B0AD188
:10AE000063782A2B32D1039B02341A1D1B680392EC
:10AE100043EAE3730593DFF8C8900322484621789C
:10AE2000FDF701FD38B14022049BA0EB09008240F0
:10AE300013430134049314F8011B062229488DF8AA
:10AE40002810FDF7F0FC00283ED0274818BB039BD4
:10AE5000073323F0070308330393099B0344099343
:10AE60006CE70C4601200CFB0232AAE700234FF0EE
:10AE70000A0C194601340593204610F8012B303A8C
:10AE8000092A03D9002BC6D00591C4E70446012343
:10AE90000CFB0121F0E703AB00932A463046134B2D
:10AEA00004A9FCF71BFF431CD7D16B6ED90705D44F
:10AEB000AB899A0502D4A86DFDF7B4FCAB895B069B
:10AEC0003FF524AF099823E703AB00932A463046A9
:10AED000064B04A9FDF7A0F9E5E700BFB7B30008EA
:10AEE000BDB30008C1B30008DD7C0008A5AC0008B4
:10AEF000F8B50E461446054618B1036A0BB9FDF7BE
:10AF00003FFBA369A360A3891A0701D5236943B94D
:10AF10002146284600F02AF818B14FF0FF3738468E
:10AF2000F8BD23682269F6B2981A636937468342EE
:10AF300005DC21462846FFF7E7FD0028EDD1A36890
:10AF4000013BA36023685A1C22601E706269431C87
:10AF50009A4204D0A389DB07E1D50A2EDFD121462E
:10AF60002846FFF7D1FD0028D9D0D6E738B5284BC1
:10AF7000054618680C4618B1036A0BB9FDF700FBCB
:10AF8000B4F90C301A0721D4D80607D409222A6054
:10AF900043F040034FF0FF30A38130E0590712D552
:10AFA000616B41B104F14403994202D02846FEF797
:10AFB000D1FA002363630022B4F90C306260226985
:10AFC00023F02403226043F00803A38122693AB9E5
:10AFD0009A0501D5180603D52146284600F082F8C7
:10AFE000B4F90C3013F001020AD00022A2606269A9
:10AFF0005242A261226942B913F08000C8D138BD23
:10B00000990758BF6269A260F4E70020F7E700BF24
:10B01000B80100201F2938B505460C4604D916236F
:10B0200003604FF0FF3038BDC26B12B152F82130CF
:10B030004BB9284600F030F8224601462846BDE8C4
:10B04000384000F017B8012B0AD0591C03D1162341
:10B0500003600120E7E70021204642F824109847CA
:10B060000020E0E7024B01461868FFF7D3BF00BF9E
:10B07000B801002038B50023064D044608461146A5
:10B080002B60FAF7B7FF431C02D12B6803B1236092
:10B0900038BD00BF9C130020FAF7AABF70B50C465C
:10B0A000B1F90E10154600291E4696B00ADAA1899C
:10B0B00011F0800113D14FF48062002031602A60CA
:10B0C00016B070BD6A4600F047F80028EFDB019922
:10B0D00001F47041A1F5005359425941EBE70021B9
:10B0E0004022EAE78B8973B59E0705460C4607D5D3
:10B0F00004F14703236023610123636102B070BD43
:10B1000001AB6A46FFF7CAFF009E28463146FEF7AC
:10B11000CFFDB4F90C3038B99A05EFD423F003030E
:10B1200043F00203A381E3E743F08003A381019B83
:10B13000C4E904062060002BE0D02846B4F90E10C4
:10B1400000F01CF80028D9D0A38923F0030343F0B2
:10B150000103A381D2E7000038B50023064D044661
:10B16000084611462B60FAF772FF431C02D12B6888
:10B1700003B1236038BD00BF9C13002038B5002305
:10B18000054D044608462B60FAF766FF431C02D1C2
:10B190002B6803B1236038BD9C130020F8B500BFB5
:10B1A000F8BC08BC9E467047F8B500BFF8BC08BCA8
:04B1B0009E46704700
:10B1B800000000000102030400000000000000007D
:10B1C8000102030406070809010202030405060731
:10B1D80008090A0B0C0D0E0F1010010202030405DA
:10B1E800060708090A0B0C0D0E0F1010252E3266E3
:10B1F8002C252E32662C252E32662C252E32660002
:10B2080052252E32662C4C252E3266006F75743A04
:10B2180025642C256400766F6C3A252E32660079F9
:10B22800252E32662C72252E3266002E00494E4697
:10B2380000696E66004E414E006E616E003000304F
:10B248003132333435363738394142434445460084
:10B258003031323334353637383961626364656684
:10B26800004300504F53495800496E66696E69742F
:10B2780079004E614E005245454E54206D616C6C0C
:10B288006F6320737563636565646564002F627519
:10B29800696C642F676E752D746F6F6C732D666F94
:10B2A800722D73746D33325F31342E332E72656CA8
:10B2B800312E32303235313032372D303730302F71
:10B2C8007372632F6E65776C69622F6E65776C6930
:10B2D800622F6C6962632F7374646C69622F647483
:10B2E8006F612E630042616C6C6F632073756363DA
:10B2F8006565646564002F6275696C642F676E7597
:10B308002D746F6F6C732D666F722D73746D33327D
:10B318005F31342E332E72656C312E323032353136
:10B328003032372D303730302F7372632F6E657798
:10B338006C69622F6E65776C69622F6C6962632F26
:10B348007374646C69622F6764746F612D676574C8
:10B358006865782E63002F6275696C642F676E7557
:10B368002D746F6F6C732D666F722D73746D33321D
:10B378005F31342E332E72656C312E3230323531D6
:10B388003032372D303730302F7372632F6E657738
:10B398006C69622F6E65776C69622F6C6962632FC6
:10B3A8007374646C69622F6D707265632E63002319
:10B3B8002D302B2000686C4C0065666745464700B9
:10B3C8002C2066756E6374696F6E3A200061737322
:10B3D800657274696F6E2022257322206661696C1C
:10B3E80065643A2066696C6520222573222C206CDE
:10B3F800696E65202564257325730A00A55A050121
:10B408000207A55A05010106A55A01022C012F00C1
:10B418000C06000020B40008000000000000000036
:10B42800000000000000FC00000000000200000016
:10B43800000C020C020000000000000090D0BCD0FC
:10B44800BC900003000300001824FE448C00030293
:10B45800070201001824D8B04C8000030001020143
:10B46800C038E438E00001020201020208060000C8
:10B478000000000000000000000000F804020000C6
:10B4880000010204000204F80000000402010000A8
:10B498009060F86090000000010000002020FC206F
:10B4A8002000000001000000000000000000080665
:10B4B80000000000202020202000000000000000E4
:10B4C8000000000000000002000000000080601C76
:10B4D8000200040300000000F8040404F80001025C
:10B4E800020201000008FC00000000020302000044
:10B4F80018844424180003020202020008042424C9
:10B50800D80001020202010040B088FC800000005F
:10B51800000302003C242424C400010202020100AA
:10B52800F824242CC0000102020201000C04E41CCF
:10B538000400000003000000D8242424D8000102DD
:10B548000202010038444444F800000302020100EA
:10B5580000001000000000000200000000002000B1
:10B5680000000000060000000020508804020000CF
:10B5780000000102909090909000000000000000F0
:10B588000002048850200002010000001804C424AE
:10B598001800000002000000F804E494F80001021A
:10B5A8000202020000E09CF0800002030000030297
:10B5B80004FC2424D800020302020100F804040455
:10B5C8000C0001020202010004FC0404F80002035A
:10B5D8000202010004FC24740C00020302020300AE
:10B5E80004FC24740C00020302000000F008044468
:10B5F800CC4000010202010004FC2020FC040203EC
:10B60800000003020404FC04040002020302020016
:10B61800000404FC040406040403000004FC24D011
:10B628000C0402030200030204FC040000000203ED
:10B6380002020203FC3CC03CFC00030003000300C0
:10B6480004FC30C4FC04020302000300F8040404F0
:10B65800F80001020202010004FC2424180002037D
:10B6680002000000F8848404F800010202070500C3
:10B6780004FC2464980002030200030218242444F2
:10B688008C000302020201000C04FC040C000002FE
:10B698000302000004FC0000FC0400010202010097
:10B6A800047C80E01C040000030000001CE03CE077
:10B6B8001C00000300030000049C609C04000203BB
:10B6C80000030200041CE01C040000020302000046
:10B6D8000C84641C04000203020203000000FE0242
:10B6E8000200000007040400000E30C00000000043
:10B6F80000010200000202FE00000004040700002E
:10B708000004020400000000000000000000000027
:10B7180000000808080808080000020000000000EF
:10B72800000000000040A0A0C000000102020302C7
:10B7380004FC2020C00000030202010000C02020F9
:10B74800600000010202020000C02024FC00000189
:10B758000202030200C0A0A0C00000010202020011
:10B768000020F82424040002030202000040A0A0E4
:10B77800602000070A0A0A0404FC2020C000020313
:10B78800020003020020E40000000002030200009F
:10B79800000020E4000008080807000004FC80E01E
:10B7A80020200203020003020404FC00000002023D
:10B7B80003020200E020E020C000030003000300B1
:10B7C80020E02020C00002030200030200C0202065
:10B7D800C00000010202010020E02020C000080F84
:10B7E8000A02010000C02020E0000001020A0F0840
:10B7F80020E0402020000203020000000060A0A01A
:10B8080020000002020203000020F82000000000CF
:10B818000102020020E00020E00000010202030211
:10B8280020E0208060200000030100006080E080AC
:10B838006000000300030000206080602000020315
:10B848000003020020E020806020080807010000B3
:10B858000020A0602000000203020200000020DE99
:10B868000200000000070400000000FF00000000C4
:10B87800000F00000002DE200000000407000000A6
:10B88800020102040402000000000000340000006D
:10B89800CEFBFFFFCB03000001000000000000000A
:10B8A80035000000CEFBFFFFCB03000001000000C5
:10B8B8000000000000000000BC89D897B2D29C3C70
:10B8C80033A7A8D523F649393DA7F444FD0FA5327F
:10B8D8009D978CCF08BA5B25436FAC642806681126
:10B8E80005000000190000007D00000000000000B5
:10B8F8000080E03779C34143176E05B5B5B8934664
:10B90800F5F93FE9034F384D321D30F94877825A2F
:10B918003CBF737FDD4F1575000000000000F03F4D
:10B928000000000000002440000000000000594012
:10B938000000000000408F40000000000088C34065
:10B9480000000000006AF8400000000080842E41DA
:10B9580000000000D01263410000000084D7974126
:10B968000000000065CDCD41000000205FA002422C
:10B97800000000E876483742000000A2941A6D42A1
:10B98800000040E59C30A2420000901EC4BCD64294
:10B9980000003426F56B0C430080E03779C341433F
:10B9A80000A0D8855734764300C84E676DC1AB43B5
:10B9B800003D9160E458E143408CB5781DAF1544D3
:10B9C80050EFE2D6E41A4B4492D54D06CFF08044AE
:10B9D800F64AE1C7022DB544B49DD9794378EA44C3
:10B9E8000020202020202020202028282828282047
:10B9F800202020202020202020202020202020203F
:10BA080020881010101010101010101010101010A6
:10BA18001004040404040404040404101010101096
:10BA28001010414141414141010101010101010160
:10BA380001010101010101010101010110101010B2
:10BA48001010424242424242020202020202020232
:10BA58000202020202020202020202021010101086
:10BA680020000000000000000000000000000000AE
:10BA780000000000000000000000000000000000BE
:10BA880000000000000000000000000000000000AE
:10BA9800000000000000000000000000000000009E
:10BAA800000000000000000000000000000000008E
:10BAB800000000000000000000000000000000007E
:10BAC800000000000000000000000000000000006E
:10BAD800000000000000000000000000000000005E
:04BAE800000000005A
:08BAEC002455FF7F010000005A
:04BAF4003501000810
:04BAF8001101000830
:10BAFC0000127A0001000000100000000000803FDE
:10BB0C000000804000007042CDCC4C3F0000E04172
:10BB1C000000B042CDCC4C3DCDCC4C3F0000E041C0
:10BB2C000000B042CDCC4C3F0000E0410000B042E0
:10BB3C000000000003000000601200204300000021
:10BB4C0000000000000000000000000000000000E9
:10BB5C000000000000000000000000004300000096
:10BB6C0000000000000000000000000000000000C9
:10BB7C000000000000000000000000004300000076
:10BB8C0000000000000000000000000000000000A9
:10BB9C000000000000000000000000004300000056
:10BBAC000000000000000000000000000000000089
:10BBBC000000000000000000000000004300000036
:10BBCC000000000000000000000000000000000069
:10BBDC000000000000000000000000004300000016
:10BBEC000000000000000000000000000000000049
:10BBFC0000000000000000000000000043000000F6
:10BC0C000000000000000000000000000000000028
:10BC1C0000000000000000000000000041A7000828
:10BC2C00B19D000800000000E8B9000833B200081C
:10BC3C0003B4000803B4000803B4000803B40008FC
:10BC4C0003B4000803B4000803B4000803B40008EC
:10BC5C0003B40008FFFFFFFFFFFFFFFFFFFFFFFF25
:10BC6C00FFFF000001004153434949000000000060
:10BC7C0000000000000000000000000000000000B8
:10BC8C00000000000000415343494900000000003F
:10BC9C000000000000000000000000000000000098
:10BCAC000000000000000000BC01002000000000AB
:10BCBC0060120020C8120020301300200000000089
:10BCCC000000000000000000000000000000000068
:10BCDC000000000000000000000000000000000058
:10BCEC000000000000000000000000000000000048
:08BCFC00000000000000000040
:04000005080060612E
:00000001FF
